	Haltung	fname
0	anderes Thema	daheim_artikel/1883_0_Haarmenschen und Bartweiber..txt
1	konservativ	grenzboten/txt/1892_Jenny_Lind.txt
2	konservativ	daheim_artikel/1882_0_Gesundheitsrat..txt
3	anderes Thema	daheim_artikel/1867_8_Zur Geschichte der Chignons..txt
4	anderes Thema	daheim_artikel/1870_6_Ein neuer Schöpfungsmythus..txt
5	anderes Thema	daheim_artikel/1874_4_Kunst und Völkerkunde..txt
6	konservativ	grenzboten/txt/1896_Schiller_Julius_Zur_Frauenfrage.txt
7	konservativ	daheim_artikel/1876_2_Otto Gumprecht, Neue musikalische Charakterbilder..txt
8	neutral/ambivalent	grenzboten/txt/1869_Die_Hörigkeit_der_Frau.txt
9	konservativ	grenzboten/txt/1855_Schriften_für_Damen.txt
10	progressiv	grenzboten/txt/1892_Buchner_Wilhelm_Das_ärztliches_Studium_der_Frauen__Schluß.txt
11	anderes Thema	grenzboten/txt/1918_Thimme_Friedrich_Die_Beratungen_der_Wahlrechtskommission.txt
12	konservativ	daheim_artikel/1873_6_Cölibat und Priesterehe..txt
13	anderes Thema	daheim_artikel/1880_6_Die Jubiläumssänger in der Heimat..txt
14	anderes Thema	daheim_artikel/1882_1_Rentier und Proletarier..txt
15	progressiv	grenzboten/txt/1917_Badstübner_Otto_Das_russische_Kirchenrecht_und_die_Revolution.txt
16	progressiv	grenzboten/txt/1869_Der_Frauentag_in_Berlin.txt
17	konservativ	daheim_artikel/1882_2_Großstädtische Zufluchtsstätten für Dienstmädchen..txt
18	konservativ	grenzboten/txt/1876_H_W_D_Das_Shakerdorf_Shirley_1.txt
19	konservativ	grenzboten/txt/1886_Pfalz_Franz_Dichterfreundinnen__1_Charlotte_von_Stein.txt
20	anderes Thema	grenzboten/txt/1896_Hase_Bruno_Die_Ehre_und_der_Zweikampf.txt
21	konservativ	daheim_artikel/1878_9_Altslavische Hauszucht..txt
22	progressiv	grenzboten/txt/1888_Frankenstein_K_Die_Frauenfrage_des_vierten_Standes.txt
23	anderes Thema	daheim_artikel/1873_0_Straßburger Trachten..txt
24	anderes Thema	grenzboten/txt/1853_Die_Gemeindeordnungen_in_Preußen_3.txt
25	anderes Thema	grenzboten/txt/1909_Jentsch_Carl_Nietzsche_noch_einmal.txt
26	progressiv	grenzboten/txt/1907_Franz_Marie_Frauen_in_den_Gemeindeverwaltungen.txt
27	konservativ	daheim_artikel/1872_5_Republikanische Einfachheit in Paris..txt
28	neutral/ambivalent	grenzboten/txt/1905_Maßgebliches_und_Unamßgebliches.txt
29	konservativ	daheim_artikel/1866_1_Französische Salondame und deutsche Hausfrau..txt
30	progressiv	daheim_artikel/1882_6_Zur Emanzipation der Frauen..txt
31	anderes Thema	grenzboten/txt/1875_Inhaltsverzeichniß.txt
32	anderes Thema	daheim_artikel/1866_4_Für das deutsche Rettungswesen zur See.txt
33	progressiv	grenzboten/txt/1890_Ungehaltene_Rede_eines_Nichtgewählten.txt
34	konservativ	grenzboten/txt/1911_Holle_H_G_Biologie_und_Politik.txt
35	progressiv	grenzboten/txt/1869_Aufruf_zur_Begründung_einer_LetteStiftung.txt
36	progressiv	daheim_artikel/1909_9_Greifswalder Oberlehrerinnen-Kurse und Realgymnasialkurse..txt
37	anderes Thema	daheim_artikel/1882_0_Zur Statistik von Rom..txt
38	progressiv	daheim_artikel/1914_4_Praktische Ratschläge für im Beruf stehende Frauen und Mädchen..txt
39	konservativ	grenzboten/txt/1894_Ein_Vorschlag_zur_Frauenfrage.txt
40	konservativ	daheim_artikel/1907_6_Frauenbücherei..txt
41	progressiv	daheim_artikel/1902_6_Zum drittenmal: Die Krankenpflege als Unterrichtszweig in Mädchen-Erziehungsanstalten..txt
42	konservativ	daheim_artikel/1904_2_Zum Mädchenwechsel..txt
43	konservativ	daheim_artikel/1910_9_Frauenerwerb. Noch einmal die Pantographistin..txt
44	progressiv	grenzboten/txt/1890_Heinzig_Bernhard_Mädchenerziehung_in_Frankreich.txt
45	progressiv	daheim_artikel/1910_6_Frauenerwerb. Die Buchhändlerin und die Bibliothekarin..txt
46	konservativ	daheim_artikel/1905_1_Der Schillerverband Deutscher Frauen..txt
47	progressiv	daheim_artikel/1911_7_Ein neuer Frauenberuf. Lehrerin der Absehkunst für Schwerhörige..txt
48	progressiv	daheim_artikel/1904_0_Mädchenbildung und Mädchengesundheit..txt
49	progressiv	daheim_artikel/1911_0_Frauenerwerb.txt
50	konservativ	grenzboten/txt/1894_Von_einer_Frau_Zur_Frauenfrage__Schluß.txt
51	progressiv	daheim_artikel/1905_5_Redaktionspost..txt
52	progressiv	grenzboten/txt/1918_Cleinow_Georg_Ein_und_Ausblicke.txt
53	progressiv	daheim_artikel/1900_3_Die städtische höhere Webeschule zu Berlin..txt
54	progressiv	daheim_artikel/1911_1_Frauenerwerb..txt
55	konservativ	grenzboten/txt/1913_Janell_W_Römische_Kaiserinnen.txt
56	progressiv	daheim_artikel/1914_4_Frauenerwerb..txt
57	anderes Thema	daheim_artikel/1902_4_Eine Ausstellung künstlerischer Kleiderstoffe..txt
58	progressiv	grenzboten/txt/1874_Clsstr_Kleine_Besprechungen.txt
59	progressiv	daheim_artikel/1914_5_Frauenerwerb. Der Kaufmännische Verband für weibliche Angestellte..txt
60	konservativ	daheim_artikel/1909_4_Das schwächere Geschlecht..txt
61	progressiv	daheim_artikel/1914_1_Preisausschreiben..txt
62	progressiv	daheim_artikel/1913_3_Beschäftigung von Frauen in der Kaiserlichen Marine..txt
63	anderes Thema	grenzboten/txt/1878_SchmidtJulian_Die_deutsche_Literatur_1752_1756_III_.txt
64	konservativ	grenzboten/txt/1889_Lichtenheld_Adolf_Grillparzer_und_die_klugen_Frauen.txt
65	progressiv	daheim_artikel/1909_7_Frauenerwerb. Eine Frauenschule der Inneren Mission..txt
66	progressiv	daheim_artikel/1912_0_Soziale Frauenberufe..txt
67	anderes Thema	grenzboten/txt/1883_Neue_Ergebnisse_der_Katakombenforschung.txt
68	progressiv	daheim_artikel/1909_1_Die Privatsekretärin..txt
69	anderes Thema	daheim_artikel/1911_1_Briefkasten des Frauenerwerb..txt
70	konservativ	daheim_artikel/1881_1_Aus dem Tagebuche meiner Großmutter vom 13. Juni 1781..txt
71	progressiv	daheim_artikel/1909_9_Die Frau als Verkehrsbeamlin..txt
72	progressiv	daheim_artikel/1910_1_Neue Frauenberufe..txt
73	konservativ	daheim_artikel/1909_1_Deutsche Frauen in Südamerika..txt
74	progressiv	daheim_artikel/1903_7_Deutsche Frauen in Moskau..txt
75	progressiv	daheim_artikel/1909_3_Briefkasten des Frauenerwerb..txt
76	progressiv	daheim_artikel/1913_0_Die Vermehrung der Frauenarbeit..txt
77	progressiv	daheim_artikel/1907_7_Die Malerin Helene Büchmann..txt
78	anderes Thema	daheim_artikel/1881_7_Am Familientische: Ein Stickbuch für Damen..txt
79	progressiv	daheim_artikel/1911_3_Gesellschaftskleider der letzten acht Jahrzehnte..txt
80	progressiv	daheim_artikel/1915_0_Briefkasten der Frauenarbeit. Frl. G. K. in Pforzheim und andere..txt
81	progressiv	grenzboten/txt/1891_Die_Frau_und_der_Sozialismus.txt
82	anderes Thema	daheim_artikel/1910_6_Sammler-Daheim..txt
83	progressiv	daheim_artikel/1913_2_Frauenerwerb. Die Gefängnisbeamtin..txt
84	progressiv	daheim_artikel/1912_0_Tätigkeitsbericht der Wohnungsinspektorin in Halle..txt
85	anderes Thema	grenzboten/txt/1865_Gelehrtenschule_und_Universität_in_Amerika.txt
86	anderes Thema	daheim_artikel/1909_5_Rechtsrat des Frauenerwerb..txt
87	anderes Thema	grenzboten/txt/1897_Deutsche_Kämpfe_mit_Magyaren_und_Tschechen.txt
88	anderes Thema	daheim_artikel/1911_5_Sammler-Daheim. Notizen..txt
89	anderes Thema	daheim_artikel/1912_1_Frauenerwerb..txt
90	progressiv	daheim_artikel/1911_0_Briefkasten des Frauenerwerb..txt
91	konservativ	daheim_artikel/1889_3_Rechtsrat.txt
92	progressiv	"daheim_artikel/1909_7_Noch einmal „die Irrenpflege""..txt"
93	progressiv	daheim_artikel/1904_5_Die Gärtnerei als Frauenberuf..txt
94	konservativ	grenzboten/txt/1917_Thimme_W_Der_Hirtenbrief_der_deutschen_Bischöfe.txt
95	anderes Thema	daheim_artikel/1901_3_Frauenbüchertisch.txt
96	progressiv	daheim_artikel/1914_8_Frauenerwerb. Auszeichnung für Kranken-pflegerinnen..txt
97	progressiv	daheim_artikel/1914_4_Dem Daheim..txt
98	progressiv	daheim_artikel/1912_5_Frauen-Erwerb. Die Rektoratsprüfung.txt
99	progressiv	daheim_artikel/1900_9_Das Louise Otto-Peters-Denkmal in Leipzig..txt
100	progressiv	daheim_artikel/1914_4_Frauenerwerb. Neue und aussichtsreiche Frauenberufe. I. Teil..txt
101	progressiv	daheim_artikel/1907_3_Ein Besuch in der Buchbinderei des Lettehauses..txt
102	konservativ	daheim_artikel/1875_7_Ein chinesischer Frauenspiegel..txt
103	progressiv	daheim_artikel/1909_1_Gerta-Elisabet Thiele. Die Vertreterin..txt
104	konservativ	daheim_artikel/1912_6_Prinzessin Rupprecht von Bayern.txt
105	anderes Thema	daheim_artikel/1902_5_Zu unsern Bildern aus Afghanistan..txt
106	progressiv	daheim_artikel/1909_5_Spitzenklöppeln als Frauenerwerb..txt
107	progressiv	daheim_artikel/1913_8_Frauenerwerb. Unsere Krankenpflegerinnen..txt
108	konservativ	daheim_artikel/1900_0_Die Besorgung der Aussteuer..txt
109	progressiv	daheim_artikel/1909_7_Briefkasten des Frauenerwerb..txt
110	progressiv	daheim_artikel/1904_2_Für Stellensuchende..txt
111	anderes Thema	grenzboten/txt/1907_Jentsch_Carl_Beiträge_zur_Rassenkunde.txt
112	progressiv	daheim_artikel/1914_3_Fachschulen für Goldarbeiterinnen..txt
113	anderes Thema	daheim_artikel/1893_2_Statistisches..txt
114	konservativ	daheim_artikel/1913_3_Drei Frauen. Von Gustav Manz..txt
115	konservativ	grenzboten/txt/1887_Goethes_Frau.txt
116	konservativ	grenzboten/txt/1891_Zum_dunkeln_Kapitel_der_Kulturgeschichte.txt
117	progressiv	grenzboten/txt/1905_Frauen_als_Vormund.txt
118	progressiv	daheim_artikel/1914_1_Die Verwalterin von Mietshäusern..txt
119	progressiv	daheim_artikel/1911_2_Frauenerwerb.txt
120	progressiv	daheim_artikel/1901_1_Frauenheim..txt
121	progressiv	daheim_artikel/1914_5_Die Frauenschule..txt
122	neutral/ambivalent	daheim_artikel/1912_5_Kleine Mitteilungen.txt
123	progressiv	daheim_artikel/1903_4_Die erste Apothekerin in Rußland..txt
124	progressiv	daheim_artikel/1901_0_Das Sophienstift zu Weimar..txt
125	anderes Thema	daheim_artikel/1883_3_Das bürgerliche Element in der Armee..txt
126	konservativ	grenzboten/txt/1847__Die_Schulbrüder_in_Tirol.txt
127	anderes Thema	grenzboten/txt/1849_Die_Bosnier_und_der_Aufstand_des_Keric.txt
128	progressiv	daheim_artikel/1912_6_Damen beim Sport.txt
129	progressiv	daheim_artikel/1890_8_Am Familientisch: Die Weihnachts-arbeiten, ärztlich beleuchtet..txt
130	konservativ	grenzboten/txt/1894_Von_einer_Frau_Zur_Frauenfrage_.txt
131	anderes Thema	grenzboten/txt/1883_Ein_Beispiel_ultramontaner_Propaganda.txt
132	konservativ	daheim_artikel/1880_3_Ein Edelfräulein aus der Renaissancezeit..txt
133	konservativ	daheim_artikel/1914_6_Schulrekruten..txt
134	progressiv	daheim_artikel/1910_7_Frauenerwerb. Neue Frauenberufe..txt
135	progressiv	daheim_artikel/1876_2_Am Familientische. Ein Attentat wider das Frauenzimmer..txt
136	progressiv	daheim_artikel/1900_2_Der Frauenpalast auf der Pariser Weltausstellung.txt
137	progressiv	daheim_artikel/1902_4_Reformtrachten..txt
138	progressiv	daheim_artikel/1909_7_Frauenerwerb. Die Zuschneiderin..txt
139	konservativ	grenzboten/txt/1898__Eine_Frauenfrage.txt
140	progressiv	grenzboten/txt/1894_Die_Lehrerinnenfrage_in_Preußen__Schluß.txt
141	progressiv	grenzboten/txt/1907_Lux_Joseph_Aug_Die_Frau_und_das_Kunstgewerbe.txt
142	progressiv	daheim_artikel/1912_5_Frauen-Erwerb. Hühnerzucht.txt
143	progressiv	daheim_artikel/1900_5_Fortbildung..txt
144	konservativ	daheim_artikel/1911_0_Frauenerwerb. Die Bureaugehilfin..txt
145	progressiv	daheim_artikel/1911_2_Frauenerwerb..txt
146	anderes Thema	daheim_artikel/1907_6_Hausmusik..txt
147	neutral/ambivalent	daheim_artikel/1910_6_Die Wintersportkleidung der Damen..txt
148	progressiv	daheim_artikel/1910_9_Briefkasten des Frauenerwerb..txt
149	progressiv	daheim_artikel/1902_1_Redaktionspost..txt
150	progressiv	grenzboten/txt/1889_Henkel_W_Oxford_und_Cambridge_und_die_weiblichen_Hochschulen_in_England__Schluß.txt
151	progressiv	daheim_artikel/1913_7_Frauenerwerb. Ein neuer Frauenberuf..txt
152	progressiv	grenzboten/txt/1875_F_F_Die_Stellung_der_Frau_in_den_Augen_der_ultramontanen_Geistlichkeit.txt
153	konservativ	daheim_artikel/1891_4_Ein Jungfrauenbuch..txt
154	progressiv	daheim_artikel/1912_0_Frauen-Erwerb. Weibliche Museumsangestellte..txt
155	konservativ	grenzboten/txt/1912_Munzinger_E_Kinderauswanderung_aus_England.txt
156	konservativ	daheim_artikel/1914_7_Frauenwerb. Deutsche Mädchen in Schweden..txt
157	progressiv	daheim_artikel/1913_2_Frauenerwerb..txt
158	anderes Thema	daheim_artikel/1874_7_Am Familientische: Eine päpstliches Breve..txt
159	neutral/ambivalent	daheim_artikel/1912_3_Beschäftigung von Frauen in der Kaiserlichen Marine.txt
160	progressiv	daheim_artikel/1903_6_Die wirtschaftliche Frauenschule Geiselgasteig bei München..txt
161	progressiv	grenzboten/txt/1904_Minckwitz_M_J_George_Sand.txt
162	progressiv	daheim_artikel/1911_0_Geprüfte Musiklehrerinnen..txt
163	progressiv	daheim_artikel/1915_6_Briefkasten der Frauenarbeit..txt
164	anderes Thema	grenzboten/txt/1852_Die_Mineralquellen_in_östreichisch_Galizien.txt
165	konservativ	daheim_artikel/1874_6_Am Familientische: Bücherschau. IV. Abhandlungen zur deutschen Alterthumskunde und Kunstgeschichte..txt
166	progressiv	daheim_artikel/1914_1_Zum 50. Jahrgang des Daheim..txt
167	anderes Thema	daheim_artikel/1865_1_Befohlene Schönheitsmittel in Persicn..txt
168	anderes Thema	daheim_artikel/1904_3_Redaktionspost..txt
169	anderes Thema	daheim_artikel/1903_1_Weißes Haar..txt
170	progressiv	daheim_artikel/1913_6_Frauenerwerb..txt
171	progressiv	"daheim_artikel/1891_1_„Heimat"" für junge Mädchen und Frauen in Berlin..txt"
172	anderes Thema	daheim_artikel/1899_9_Tierkunde..txt
173	progressiv	daheim_artikel/1910_4_Zur Altersversorgung der Lehrerinnen. II. Teil..txt
174	konservativ	daheim_artikel/1913_9_Frauenbüchertisch..txt
175	konservativ	daheim_artikel/1892_8_Civil in der Kaserne. Von Hanns v. Spielberg. Mit vier Illustrationen..txt
176	progressiv	daheim_artikel/1911_8_Die studierenden Frauen Deutschlands..txt
177	anderes Thema	daheim_artikel/1909_9_Frauen-Daheim. Zu unseren Kindermoden-bildern..txt
178	progressiv	daheim_artikel/1904_0_Unsere Jungen..txt
179	konservativ	grenzboten/txt/1859_Russische_Denkwürdigkeiten.txt
180	progressiv	daheim_artikel/1909_1_Briefkasten des Frauenerwerb. Ich leite eine Töchterschule, in welcher Mädchen vom 6. bis 14. Lebensjahre unterrichtet werden..txt
181	neutral/ambivalent	daheim_artikel/1894_6_Ausstellungswesen..txt
182	progressiv	daheim_artikel/1912_7_Berechtigungen der Leipziger Städtischen Studienanstalt..txt
183	progressiv	daheim_artikel/1913_6_Die Baukünstlerin und Architekturzeichnerin..txt
184	progressiv	"daheim_artikel/1910_1_Noch einmal die „Buchhändlerin"". Von Thekla Ackermann..txt"
185	progressiv	daheim_artikel/1914_1_Wünsche für die Anstellung von Frauen bei den Krankenkassen. (Schluß.).txt
186	anderes Thema	grenzboten/txt/1883_Andresen_K_G_Deutsche_Familiennamen_aus_Frauennamen.txt
187	konservativ	daheim_artikel/1915_8_Preisausschreiben..txt
188	progressiv	daheim_artikel/1912_6_Die Baukünstlerin und Architekturzeichnerin..txt
189	progressiv	daheim_artikel/1912_3_Die Zeichnerin in modetechnischen Betrieben..txt
190	progressiv	daheim_artikel/1901_4_Ausbildung..txt
191	neutral/ambivalent	grenzboten/txt/1877_Schoener_R_Griechische_Frauen__antike_Bilder_II.txt
192	neutral/ambivalent	daheim_artikel/1914_4_Neue Wintersportkostüme..txt
193	progressiv	daheim_artikel/1912_3_Neue Seminare für Landwirtschaftslehrerinnen..txt
194	progressiv	daheim_artikel/1909_7_Ausbildungsanstalten für Gärtnerinnen..txt
195	konservativ	daheim_artikel/1893_8_Bleichsucht und Blutarmut..txt
196	progressiv	daheim_artikel/1915_3_Frauenerwerb. Wäscheausbesserung..txt
197	progressiv	grenzboten/txt/1898_Hagen_Otto_Das_Recht_der_Frau_nach_dem_bürgerlichen_Gesetzbuch__Schluß.txt
198	anderes Thema	grenzboten/txt/1865_Der_siebenjährige_Krieg_als_Religionskrieg.txt
199	anderes Thema	grenzboten/txt/1918_Buchheim_Karl_Mehr_politische_Klarheit.txt
200	progressiv	daheim_artikel/1876_9_Japans Frauen..txt
201	konservativ	daheim_artikel/1911_0_Die Bekleidungskünstlerin.txt
202	anderes Thema	daheim_artikel/1883_5_Ein Straf- und Bußkalb..txt
203	progressiv	daheim_artikel/1915_5_Von den wirtschaftlichen Frauenschulen auf dem Lande..txt
204	progressiv	daheim_artikel/1914_1_Frauenerwerb..txt
205	progressiv	daheim_artikel/1914_7_Die Arbeitsverhältnisse der Filial-leiterinnen..txt
206	progressiv	daheim_artikel/1902_2_Nochmals: Die Frau als Apotheker..txt
207	anderes Thema	daheim_artikel/1909_9_Neue Frauenberufe..txt
208	progressiv	daheim_artikel/1910_1_Die Packerin..txt
209	progressiv	grenzboten/txt/1910_Schirmacher_Käthe_Der_praktische_Nutzen_der_Frauenbewegung.txt
210	progressiv	grenzboten/txt/1905_Otto_Walther_Das_Syrakus_des_Westens_und_seine_Bildungsstätte.txt
211	konservativ	grenzboten/txt/1911_Becher_Erich_Rassedienst__Schluß.txt
212	anderes Thema	daheim_artikel/1881_8_Zur Statistik der Selbstmorde..txt
213	progressiv	daheim_artikel/1901_6_Die Frau als Armenpflegerin..txt
214	progressiv	daheim_artikel/1903_3_Samariterkurse der Berliner Unfallstationen..txt
215	konservativ	daheim_artikel/1909_3_Falscher Schein..txt
216	progressiv	daheim_artikel/1873_5_Die gelöste Frauensrage..txt
217	konservativ	daheim_artikel/1914_7_Die Frau und der Krieg. Von Luise Koppen..txt
218	progressiv	daheim_artikel/1911_0_Briefkasten des Frauenerwerb.txt
219	progressiv	daheim_artikel/1914_6_Frauenerwerb..txt
220	progressiv	daheim_artikel/1909_7_Frauenerwerb. Briefkasten des Frauenerwerb..txt
221	anderes Thema	daheim_artikel/1904_3_Handarbeit.txt
222	anderes Thema	grenzboten/txt/1877_Buff_Adolf_Klosterleben_zur_Zeit_der_Aufklärung__aus_dem_Tagebuche_eines_Mönches_I.txt
223	progressiv	daheim_artikel/1901_8_Die wirtschaftlichen Frauenschulen zu Reifenstein im Eichsfelde..txt
224	progressiv	daheim_artikel/1903_0_Vom deutschen Vaterländischen Frauenverein..txt
225	progressiv	daheim_artikel/1910_5_Die Frau in der Wollwarenbranche..txt
226	progressiv	daheim_artikel/1910_0_Briefkasten des Frauenerwerb. Vom Briefkasten und von der Sprechstunde des Frauenerwerb..txt
227	anderes Thema	grenzboten/txt/1879_Dohmke_E_Struensee.txt
228	progressiv	daheim_artikel/1910_9_Kränzchen zur Anleitung in häuslicher Pflege..txt
229	progressiv	daheim_artikel/1912_3_Die Kriegsdienstpflicht der Frau.txt
230	anderes Thema	grenzboten/txt/1848_Cz_Slavische_Stimmen_aus_Oestreich.txt
231	konservativ	grenzboten/txt/1885_Meyer_Christian_Zwei_fürstliche_Frauen_des_achtzehnten_Jahrhunderts__2_Fürstin_Eleonore_Liechtenstein.txt
232	progressiv	daheim_artikel/1902_9_Frage..txt
233	konservativ	daheim_artikel/1872_7_Frauendank für Moltke..txt
234	progressiv	daheim_artikel/1910_3_Der deutsche Frauenbund. Von Agnes Harder..txt
235	progressiv	daheim_artikel/1902_9_Die Photographie und ihre Ausbildung..txt
236	progressiv	daheim_artikel/1900_4_Frauenberuf..txt
237	anderes Thema	daheim_artikel/1894_6_Volkskunde..txt
238	progressiv	daheim_artikel/1909_5_Sprechstunde des Frauenerwerb..txt
239	progressiv	daheim_artikel/1914_5_Die Deutsche Christliche Vereinigung Studierender Frauen (D.C.V.S.F.)..txt
240	progressiv	daheim_artikel/1902_2_Bücherschau..txt
241	progressiv	daheim_artikel/1910_0_Frauenerwerb..txt
242	anderes Thema	grenzboten/txt/1922_Schmölder_Robert_Der_Kampf_gegen_die_Geschlechtskrankheiten.txt
243	progressiv	daheim_artikel/1914_0_Wünsche für die Anstellung von Frauen bei den Krankenkassen..txt
244	konservativ	grenzboten/txt/1911_Fleischhauer_O_Koriolan.txt
245	anderes Thema	daheim_artikel/1915_8_Die Zentralbibliothek für Blinde..txt
246	progressiv	daheim_artikel/1902_3_Beamtinnen im Strafanstaltsdienst..txt
247	anderes Thema	daheim_artikel/1880_0_Eine halbwilde Insel Europas..txt
248	konservativ	grenzboten/txt/1894_Blumstengel_K_Die_Arbeitsfrage_in_Frauenwelt.txt
249	anderes Thema	daheim_artikel/1880_1_Zur Sittengeschichte des elften Jahrhunderts..txt
250	progressiv	daheim_artikel/1912_6_Kleine Mitteilungen..txt
251	anderes Thema	daheim_artikel/1890_5_In unserer Spielecke.txt
252	anderes Thema	daheim_artikel/1907_3_Frauen-Daheim. Frage..txt
253	progressiv	grenzboten/txt/1897_Schlodtmann_Paula_Die_höhere_Mädchenschule.txt
254	konservativ	grenzboten/txt/1904_Frauentrost.txt
255	progressiv	daheim_artikel/1909_9_Noch einmal: Die Irrenpflegerin..txt
256	anderes Thema	grenzboten/txt/1873_Liebrecht_Felix_Die_Vertreibung_der_Juden_aus_Sicilien_1492.txt
257	anderes Thema	daheim_artikel/1914_6_Frauen-Daheim..txt
258	progressiv	grenzboten/txt/1898_Ärztliche_Plaudereien__eine_Erwiderung_von_einem_Arzt.txt
259	konservativ	grenzboten/txt/1884_Koegel_Fritz_Frauen_und_GoldschnittLiteratur.txt
260	progressiv	daheim_artikel/1915_2_Auskunft..txt
261	progressiv	grenzboten/txt/1910_K_L_v_Der_Unfug_des_Sterbens.txt
262	progressiv	daheim_artikel/1901_8_Der Beruf der Kleinkinderlehrerin..txt
263	progressiv	grenzboten/txt/1898_Traugott_Friedrich_Zu_dem_Kampfe_gegen_die_Unsittlichkeit.txt
264	konservativ	daheim_artikel/1901_1_Die badischen Haushaltungsschulen für Bauermädchen..txt
265	progressiv	grenzboten/txt/1869_Deutsche_Seegerichte.txt
266	progressiv	daheim_artikel/1914_6_Die Kunststickschule des Frauen-Erwerbs-Vereins zu Dresden..txt
267	progressiv	daheim_artikel/1901_5_Frauenbüchertisch..txt
268	konservativ	daheim_artikel/1901_4_Frauenbüchertisch..txt
269	konservativ	daheim_artikel/1909_5_Ein paar Gedanken über die weibliche Kleidung..txt
270	progressiv	daheim_artikel/1913_6_Frauenerwerb. Die ländliche Frauenbewegung..txt
271	anderes Thema	daheim_artikel/1900_5_Kleine Zeitung..txt
272	progressiv	daheim_artikel/1903_0_Schülerwerkstätten für Kleinplastik..txt
273	progressiv	daheim_artikel/1909_7_Neue Frauenberufe..txt
274	anders Thema	daheim_artikel/1902_0_Puppensammlungen..txt
275	anderes Thema	grenzboten/txt/1886_Das_Wachstum_der_Sozialdemokratie_nach_der_Statistik_der_Reichstagswahlen_18671884.txt
276	konservativ	daheim_artikel/1903_7_Auch ein Modenbrief..txt
277	anderes Thema	grenzboten/txt/1916_Boschan_Richard_Die_böhmische_Frage.txt
278	progressiv	grenzboten/txt/1868_Bestrebungen_zur_Ausdehnung_des_weiblichen_Wirkungskreises.txt
279	progressiv	daheim_artikel/1909_4_Ein neuer Rock für den Wintersport..txt
280	progressiv	daheim_artikel/1882_7_Deutsche Heims für alleinstehende Frauen und Mädchen..txt
281	progressiv	daheim_artikel/1900_1_Frauenbüchertisch..txt
282	konservativ	daheim_artikel/1903_7_Weibliche Berufe.txt
283	anderes Thema	grenzboten/txt/1902_Schiele_Georg_Von_einer_Weltreise__1_Die_Blutsaristokratie_der_Europäer_in_den_Tropen.txt
284	progressiv	daheim_artikel/1912_6_Frauenerwerb. Erweiterte Frauenberufstätigkeit in der Jugendfürsorge..txt
285	konservativ	daheim_artikel/1878_0_Am Familientische: Die beiden Brautpaare..txt
286	anderes Thema	daheim_artikel/1909_1_Hemd und Rock..txt
287	anderes Thema	daheim_artikel/1885_4_Briefkasten..txt
288	konservativ	daheim_artikel/1902_5_Erfurter Kochschule, Industrieschule und Haushaltungspensionat..txt
289	anderes Thema	grenzboten/txt/1841_Notizen.txt
290	progressiv	daheim_artikel/1910_3_Frauenerwerb. Ein dankbarer Frauenberuf..txt
291	progressiv	daheim_artikel/1910_8_Frauen-Daheim.txt
292	progressiv	daheim_artikel/1909_1_Vereinigung der Bibliothekarinnen..txt
293	progressiv	daheim_artikel/1901_2_Die Ausstellung des Vereins der Künstlerinnen und Kunstfreundinnen..txt
294	progressiv	grenzboten/txt/1899_Briefe_eines_Zurückgekehrten_4.txt
295	konservativ	daheim_artikel/1876_7_Eine Reiseerinnerung aus Tunis..txt
296	progressiv	grenzboten/txt/1900_xr_Zur_Frauenfrage__Schluß.txt
297	progressiv	daheim_artikel/1902_5_Ins Seminar..txt
298	progressiv	daheim_artikel/1901_7_Erwerb. Die Fachschule für die Zucker-Industrie in Halle a_S..txt
299	anderes Thema	grenzboten/txt/1894_Blicke_auf_unser_öffentliches_Leben.txt
300	progressiv	daheim_artikel/1910_5_Frauenerwerb.txt
301	progressiv	daheim_artikel/1913_1_Frauenerwerb. A. Deutsche Mädchen im Auslande..txt
302	anderes Thema	daheim_artikel/1905_5_Frauen-Daheim..txt
303	anderes Thema	grenzboten/txt/1849_Kossuth_von_einem_Rabbi_gesegnet.txt
304	progressiv	daheim_artikel/1901_2_Frauen-Daheim..txt
305	anderes Thema	daheim_artikel/1907_3_Eugen Bracht. von Hans Rosenhagen..txt
306	progressiv	daheim_artikel/1915_5_Irrenpflege in der Familie als Frauenerwerb..txt
307	progressiv	daheim_artikel/1915_2_Kriegskinderpflegschaft..txt
308	progressiv	grenzboten/txt/1919_Kelchner_Mathilde_Ein_Bericht_über_Frauenbestrebungen_der_Gegenwart__Schluß.txt
309	anderes Thema	grenzboten/txt/1849_Geheimnisse_der_Tuilerien_in_der_Februarrevolution_von_1848__aus_Paris.txt
310	konservativ	daheim_artikel/1912_1_Kindergärtnerinnen.txt
311	progressiv	daheim_artikel/1874_0_Wie sichert die Frau bei Zeiten ihre selbständige Existenz?.txt
312	progressiv	daheim_artikel/1910_8_Frauenerwerb. Die Fabrikschwester..txt
313	progressiv	daheim_artikel/1913_6_Frauen-Erwerb. Die Ausbildung der Handels- und Fortbildungsschullehrerin..txt
314	progressiv	daheim_artikel/1902_1_Krankenpflege..txt
315	konservativ	daheim_artikel/1900_8_Mohnblumen-Bordüre..txt
316	progressiv	daheim_artikel/1913_3_Frauenbüchertisch..txt
317	progressiv	daheim_artikel/1912_2_Berliner Privatschulen..txt
318	progressiv	daheim_artikel/1910_9_Ein christlich-soziales Frauenseminar..txt
319	progressiv	daheim_artikel/1913_1_Der erste weibliche Professor im deutschen höheren Schuldienst..txt
320	progressiv	daheim_artikel/1902_7_Die Frau im Strafanstaltsdienst..txt
321	progressiv	daheim_artikel/1915_7_Frauendaheim — Frauendienst. Unsere Bäuerinnen in der Kriegszeit..txt
322	progressiv	grenzboten/txt/1875_Wirth_Max_Zur_Statistik_der_Hausindustrie_II.txt
323	progressiv	"daheim_artikel/1903_8_Newnham-College"" und die Ferienkurse in Cambridge..txt"
324	progressiv	daheim_artikel/1907_3_Frauen-Daheim. Neue Bücher..txt
325	konservativ	grenzboten/txt/1877_Schoener_R_Griechische_Frauen__antike_Bilder.txt
326	konservativ	daheim_artikel/1909_4_Amerikanische Präsidentenfrauen..txt
327	progressiv	daheim_artikel/1915_1_Briefkasten der Frauenarbeit..txt
328	progressiv	grenzboten/txt/1894_Zur_Reform_des_höhern_Mädchenschulwesens_in_Preußen.txt
329	anderes Thema	daheim_artikel/1893_5_Vereine..txt
330	konservativ	daheim_artikel/1905_8_Die belgischen Fortbildungsschulen für Mädchen..txt
331	progressiv	daheim_artikel/1911_0_Frauenerwerb. Die Glasmalerei als Frauenberuf..txt
332	konservativ	daheim_artikel/1904_1_Noch ein Wort zur Alkoholfrage an die Frauen..txt
333	progressiv	daheim_artikel/1913_7_Die Seminare der Victoria-Fortbildungs- und Fachschule zu Berlin..txt
334	progressiv	daheim_artikel/1903_6_Die Frau im Handwerk..txt
335	konservativ	daheim_artikel/1873_3_Zur Statistik der weiblichen Barmherzigkeitspflege..txt
336	anderes Thema	grenzboten/txt/1884_Die_Künste_der_Fälscher_1.txt
337	progressiv	daheim_artikel/1907_8_Lehrerinnen an Handels- und Gewerbeschulen..txt
338	progressiv	daheim_artikel/1909_9_Preisausschreiben..txt
339	anderes Thema	grenzboten/txt/1882_Die_Bevölkerung_Ungarns.txt
340	progressiv	daheim_artikel/1909_5_Frauenerwerb..txt
341	neutral/ambivalent	daheim_artikel/1913_7_Die Hausdame..txt
342	progressiv	daheim_artikel/1871_3_Mutter Simon, die Helferin auf den Schlachtfeldern..txt
343	progressiv	daheim_artikel/1900_1_Zur Reformkleidung..txt
344	progressiv	daheim_artikel/1903_5_Ein vernachlässigter Beruf..txt
345	progressiv	daheim_artikel/1910_3_Frauen-Daheim.txt
346	progressiv	daheim_artikel/1895_2_Der evangelisch-soziale Kongreß in Erfurt..txt
347	anderes Thema	grenzboten/txt/1891_Zur_Aussprache_des_Altgriechischen.txt
348	progressiv	daheim_artikel/1912_9_Die Schulgesanglehrerin..txt
349	konservativ	daheim_artikel/1894_5_Arzneiwissenschaft..txt
350	progressiv	daheim_artikel/1909_7_Frauenerwerb..txt
351	anderes Thema	grenzboten/txt/1909_Horn_Ewald_Die_Überfüllung_der_Universitätslaufbahn.txt
352	progressiv	daheim_artikel/1901_1_Redaktionspost..txt
353	progressiv	daheim_artikel/1903_9_Die Preußische höhere Fachschule für Textilindustrie zu Sorau (N.-L.)..txt
354	progressiv	daheim_artikel/1914_3_Frauenerwerb. Die Buchbinderin..txt
355	neutral/ambivalent	daheim_artikel/1907_3_Preisausschreiben..txt
356	konservativ	daheim_artikel/1912_3_Frauenbüchertisch..txt
357	progressiv	daheim_artikel/1888_6_Ein Mahnwort.txt
358	konservativ	daheim_artikel/1914_4_Unsere Riesengebirgsschulen..txt
359	progressiv	daheim_artikel/1913_3_Neue Seminare für Landwirtschaftslehrerinnen..txt
360	anderes Thema	grenzboten/txt/1919_Mitteilungen_der_Deutschen_Volksräte_Posens_und_Westpreußens_Nr_9.txt
361	progressiv	daheim_artikel/1914_7_Frauen als Fliegerinnen..txt
362	progressiv	daheim_artikel/1911_7_Eine Groß-Berliner Auskunftsstelle für Frauenberufe.txt
363	progressiv	daheim_artikel/1914_6_Die Frauenschule..txt
364	konservativ	daheim_artikel/1914_6_Der vierte Weg..txt
365	konservativ	daheim_artikel/1907_4_Volksethik im deutschen Sprichwort..txt
366	progressiv	grenzboten/txt/1900_Die_Frau_in_der_Fabrik.txt
367	konservativ	daheim_artikel/1869_9_Nürnberger Marktstudien..txt
368	konservativ	grenzboten/txt/1900_Zur_Frauenfrage__Fortsetzung.txt
369	konservativ	daheim_artikel/1910_2_Ein Beruf für die verwitwete Frau..txt
370	progressiv	grenzboten/txt/1848_Bg_Zwei_französische_Gesetze.txt
371	progressiv	daheim_artikel/1910_1_Briefkasten des Frauenerwerb..txt
372	progressiv	daheim_artikel/1913_8_Kleine Mitteilungen..txt
373	konservativ	grenzboten/txt/1874_Die_katholische_Frau_als_Werkzeug_der_Feinde_Deutschlands.txt
374	progressiv	daheim_artikel/1913_0_Frauenerwerb. Weibliche Museumsangestellte..txt
375	progressiv	daheim_artikel/1913_8_Frauen-Erwerb. Die deutsche Frau im Ausland und in den Kolonien..txt
376	konservativ	grenzboten/txt/1884_Zu_dem_Kapitel_vom_weiblichen_Beruf.txt
377	progressiv	daheim_artikel/1902_4_Eine öffentliche Flickstube..txt
378	progressiv	daheim_artikel/1910_7_Die Fabrikschwester..txt
379	progressiv	daheim_artikel/1914_1_Frauenerwerb. Die Wäschezuschneiderin..txt
380	progressiv	grenzboten/txt/1894_Die_Frauenfrage.txt
381	konservativ	daheim_artikel/1909_1_Kindertanzkunst..txt
382	konservativ	daheim_artikel/1912_8_Frauentrachten auf dem Balkan.txt
383	progressiv	daheim_artikel/1907_5_Beruf..txt
384	neutral/ambivalent	daheim_artikel/1915_5_Frauen im Gewerbebetriebe..txt
385	progressiv	daheim_artikel/1914_0_Frauenerwerb. Die Kunstfärberei als Frauenberuf..txt
386	konservativ	daheim_artikel/1913_4_Frauen-Daheim..txt
387	progressiv	daheim_artikel/1915_4_Frauenschulen für hauswirtschaftliche und landwirtschaftliche Ausbildung..txt
388	konservativ	grenzboten/txt/1882_Babyloniertum_Judentum_und_Christentum.txt
389	progressiv	daheim_artikel/1903_9_Nochmals das Reformkleid..txt
390	progressiv	daheim_artikel/1913_9_Polizeiassistentin..txt
391	konservativ	daheim_artikel/1913_0_Frauenbüchertisch..txt
392	progressiv	daheim_artikel/1911_1_Frauenerwerb. Die Fahrkartenausgeberin..txt
393	neutral/ambivalent	grenzboten/txt/1867_Ein_Brief_Beethovens.txt
394	konservativ	grenzboten/txt/1909_Göhring_B_Frauenbriefe_und_Frauenbildung.txt
395	progressiv	grenzboten/txt/1918_Müller_Willi_Die_französische_Frau_bei_Beginn_der_Revolution.txt
396	progressiv	daheim_artikel/1914_7_Die Organisation der Dentistinnen..txt
397	progressiv	grenzboten/txt/1922_SchultzEwerth_Erich_Kolonialpsychologie__Schluß.txt
398	konservativ	daheim_artikel/1913_1_Die Schule der Ehe. Von J. Höffner.txt
399	progressiv	daheim_artikel/1911_5_Die Schulzahnpflege und die Frauen..txt
400	konservativ	daheim_artikel/1910_1_Frauen-Daheim.txt
401	konservativ	grenzboten/txt/1882_Bobertag_Georg_Die_deutschen_Frauen_und_die_soziale_Frage.txt
402	progressiv	grenzboten/txt/1918_Offe_Hans_Die_Neugestaltung_der_Frauenschule.txt
403	progressiv	daheim_artikel/1911_4_Kleine Mitteilungen..txt
404	progressiv	daheim_artikel/1909_3_Rechtsrat des Frauenerwerb..txt
405	anderes Thema	daheim_artikel/1900_7_Kaufrau. Noch einmal die Reformkleidung..txt
406	progressiv	daheim_artikel/1913_7_Kleine Mitteilungen..txt
407	progressiv	daheim_artikel/1893_9_Vereinswesen..txt
408	konservativ	daheim_artikel/1866_7_Der Frauen Beruf in Kriegszeiten..txt
409	progressiv	daheim_artikel/1913_3_Frauenerwerb..txt
410	konservativ	daheim_artikel/1913_0_Frauenerwerb. Die Polizeiassistentin. (Schluß.).txt
411	progressiv	daheim_artikel/1912_2_Frauenerwerb..txt
412	anderes Thema	daheim_artikel/1897_8_Aus einem alten Evangelienbuch..txt
413	progressiv	daheim_artikel/1910_4_Frauenerwerb..txt
414	progressiv	daheim_artikel/1914_7_Deutschlands Frauen..txt
415	progressiv	daheim_artikel/1913_2_Die Glasschilderfabrikation..txt
416	anderes Thema	grenzboten/txt/1884_Notizen.txt
417	progressiv	daheim_artikel/1900_3_Zur Frauenbekleidungsreform..txt
418	progressiv	grenzboten/txt/1890_Unsere_Lehrerinnenseminare.txt
419	progressiv	daheim_artikel/1915_8_Briefkasten der Frauenarbeit..txt
420	progressiv	daheim_artikel/1914_9_Frauenerwerb..txt
421	progressiv	daheim_artikel/1913_5_Die Rektoratsprüfung..txt
422	progressiv	daheim_artikel/1901_6_Frauen-Daheim.txt
423	anderes Thema	daheim_artikel/1897_3_Statistik..txt
424	anders Thema	daheim_artikel/1902_6_Der Schillerverband Deutscher Frauen..txt
425	neutral/ambivalent	daheim_artikel/1903_5_Das Schweizerinnenheim in Berlin..txt
426	progressiv	daheim_artikel/1901_6_Ein neuer Frauenberuf..txt
427	anderes Thema	grenzboten/txt/1888_Trost_Karl_Der_Gleichheitsgedanke_als_Rechtsprinzip.txt
428	progressiv	daheim_artikel/1911_5_Frauenerwerb. Die Frauenschule als Arbeitsschule..txt
429	konservativ	daheim_artikel/1906_9_Eine Elisabeth Fry des Südens..txt
430	konservativ	daheim_artikel/1910_7_Briefkasten des Frauenerwerb..txt
431	progressiv	daheim_artikel/1909_7_Frauenerwerb. Neue Frauenberufe. Die moderne Gemeindeschwester..txt
432	progressiv	daheim_artikel/1901_7_Frauen - Daheim..txt
433	anderes Thema	daheim_artikel/1902_6_Frühlingsmoden..txt
434	konservativ	grenzboten/txt/1890_Ein_dunkles_Kapitel_der_Kulturgeschichte.txt
435	konservativ	grenzboten/txt/1850_Henriette_Herz.txt
436	progressiv	daheim_artikel/1901_6_Der toten Kaiserin! Von Fr. Frhr. von Dincklage..txt
437	progressiv	daheim_artikel/1909_7_Dora Kalkbrenner und ihre dekorativen Arbeiten..txt
438	progressiv	daheim_artikel/1914_1_Frauenerwerb. Die Hochschule für Frauen in Leipzig..txt
439	anderes Thema	grenzboten/txt/1918_Bornhak_Conrad_Die_Einführung_des_allgemeinen_Stimmrechtes_in_den_Niederlanden.txt
440	progressiv	daheim_artikel/1907_0_Die Apothekerin..txt
441	anderes Thema	grenzboten/txt/1917_Müller_Willi_Bilder_aus_dem_Liebesleben_gekrönter_Häupter_während_des_Wiener_Kongresses.txt
442	konservativ	grenzboten/txt/1858_Aus_der_römischen_Kaiserzeit__die_Frauen_2.txt
443	progressiv	daheim_artikel/1904_1_Buchbinderinnen..txt
444	konservativ	daheim_artikel/1887_8_Lob einer deutschen Hausfrau..txt
445	konservativ	grenzboten/txt/1892_Der_deutsche_Frauenverein_Reform.txt
446	anderes Thema	grenzboten/txt/1906_Historisches_zur_Katastrophe_des_Deutschtums_in_den_Ostseeprovinzen.txt
447	progressiv	daheim_artikel/1914_5_Neue und aussichtsreiche Frauenberufe. n. Teil..txt
448	progressiv	"daheim_artikel/1904_7_Die „Frauenschule""..txt"
449	progressiv	daheim_artikel/1902_8_Frauenbüchertisch..txt
450	progressiv	daheim_artikel/1900_6_Berliner Wohlthätigkeitsanstalten. VIII. Das Feierabendhaus für Lehrerinnen und Erzieherinnen in Steglitz..txt
451	progressiv	daheim_artikel/1912_4_Die Armeeschwestern in der deutschen Heeresverwaltung..txt
452	progressiv	grenzboten/txt/1916_Schimmelbusch_KarlLudwig_Franz_Klein.txt
453	anderes Thema	grenzboten/txt/1845_Lüders_W_Gallisch_und_Germanisch.txt
454	progressiv	daheim_artikel/1904_4_Neue Frauenberufe..txt
455	progressiv	daheim_artikel/1907_6_Weibliche Fortbildung und preußisches Abgeordnetenhaus..txt
456	anderes Thema	grenzboten/txt/1844_z_Prager_Skizzen__von_kleinen_Czechen_.txt
457	konservativ	grenzboten/txt/1880_Die_Tessiner.txt
458	anderes Thema	daheim_artikel/1883_1_Das erstemal auf einem nicht mehr ungewöhnlichen Wege..txt
459	progressiv	daheim_artikel/1913_3_Die Kriegsdienstpflicht der Frau..txt
460	anderes Thema	grenzboten/txt/1885_Krauß_A_Homo_sapiens_ferus_L.txt
461	konservativ	daheim_artikel/1915_2_Briefkasten..txt
462	anderes Thema	grenzboten/txt/1862_Vermischte_Literatur.txt
463	anderes Thema	grenzboten/txt/1897_Kühn_Emil_Zu_der_Frage_des_Wahlrechts.txt
464	anderes Thema	daheim_artikel/1912_6_Walchensee. Gemälde von S. Wopfner.txt
465	konservativ	daheim_artikel/1880_1_Die Kaiserin-Augusta-Stiftung in Charlottenburg..txt
466	progressiv	daheim_artikel/1909_7_Frauenerwerb. Vom Briefkasten und von der Sprechstunde des Frauenerwerb..txt
467	progressiv	grenzboten/txt/1870_Die_FrauenBewegung_und_ihre_männlichen_Beförderer.txt
468	konservativ	grenzboten/txt/1877_Anthropologische_Betrachtungen_zur_Frauenfrage.txt
469	progressiv	daheim_artikel/1914_9_Weibliche Hilfskräfte im Baufach..txt
470	progressiv	daheim_artikel/1902_6_Frau Dr. Théodora KrajevSka, Amtsärztin von Sarajevo..txt
471	progressiv	daheim_artikel/1911_0_Kleine Mitteilungen (Frauenbildung).txt
472	progressiv	daheim_artikel/1913_9_Die handwerksmäßige und fachgewerbliche Ausbildung der Frau..txt
473	konservativ	daheim_artikel/1887_8_Die Pflege akut fieberhafter Kranker.txt
474	progressiv	daheim_artikel/1900_4_Frauenthätigkeit in der Keramik..txt
475	anderes Thema	daheim_artikel/1914_9_Das Zeitalter der Reformation. Wandgemälde von Wilhelm von Kaulbach. Berlin, Neues Museum..txt
476	progressiv	daheim_artikel/1913_1_Frauenerwerb: Kindergärtnerinnen..txt
477	progressiv	daheim_artikel/1914_5_Das Marienheim in Leipzig..txt
478	progressiv	daheim_artikel/1911_3_Über die Stellenlosigkeit der Lehrerinnen..txt
479	progressiv	daheim_artikel/1914_4_Eine Anregung für Zeichnerinnen..txt
480	progressiv	daheim_artikel/1912_3_Kleine Mitteilungen.txt
481	anderes Thema	daheim_artikel/1901_5_Moderne Sportkostüme für Radlerinnen..txt
482	konservativ	daheim_artikel/1912_6_Dienstbotenausbildung in hauswirtschaftlichen Schulen..txt
483	anderes Thema	grenzboten/txt/1918_Bornhak_Conrad_Die_schwedische_Gemeindewahlreform.txt
484	konservativ	grenzboten/txt/1870_Ein_Urtheil_Jacob_Grimms_über_deutsche_Schrifstellerinnen.txt
485	progressiv	daheim_artikel/1907_5_Der Beruf der Haustochter. Joséphine Küks..txt
486	konservativ	daheim_artikel/1914_9_Vom Roten Kreuz..txt
487	progressiv	daheim_artikel/1913_6_Auf des Lebens Höhe..txt
488	progressiv	daheim_artikel/1909_1_Preisverteilung..txt
489	progressiv	daheim_artikel/1902_7_Die Fabrikschwester..txt
490	anderes Thema	daheim_artikel/1915_8_England und die Rassenfrage..txt
491	progressiv	daheim_artikel/1913_9_Die orthopädische Turnlehrerin..txt
492	progressiv	daheim_artikel/1901_3_Frauen-Daheim.txt
493	progressiv	daheim_artikel/1894_2_Schwester Phöbe..txt
494	konservativ	daheim_artikel/1911_4_Vom Amalienhaus in Berlin.txt
495	konservativ	grenzboten/txt/1917_Pfordten_Otto_von_der_Das_Wahlrecht_im_Lichte_der_Philosophie.txt
496	progressiv	daheim_artikel/1865_5_Am Familientische. »,Englands reiche und arme Töchter.«.txt
497	progressiv	daheim_artikel/1893_5_Aus der indischen Frauenwelt..txt
498	konservativ	daheim_artikel/1880_6_Der Dienst der Frauen an den Frauen..txt
499	progressiv	daheim_artikel/1913_5_Frauenerwerb.txt
500	konservativ	grenzboten/txt/1898_Hagen_Otto_Das_Recht_der_Frau_nach_dem_bürgerlichen_Gesetzbuch.txt
501	progressiv	daheim_artikel/1911_5_Frauenerwerb. Die Wirtschafterin auf dem Lande..txt
502	anderes Thema	grenzboten/txt/1846_Venedey_und_Schuselka_über_die_deutschen_Juden.txt
503	progressiv	daheim_artikel/1903_5_Frauen-Daheim..txt
504	progressiv	daheim_artikel/1901_9_Die Mädchengymnasialfrage in Deutschland..txt
505	anderes Thema	grenzboten/txt/1884_Die_Sprachen_in_Österreich.txt
506	progressiv	daheim_artikel/1877_9_Zur Ehrenrettung Verleumdeter. Von Robert Kübel. I. Die alten Jungfern..txt
507	neutral/ambivalent	daheim_artikel/1904_5_Die Kunstschule Saaleck..txt
508	neutral/ambivalent	grenzboten/txt/1884_Adler_Georg_Ein_Vorläufer_Lassalles__Schluß.txt
509	progressiv	daheim_artikel/1914_4_Die Frauenwohnung..txt
510	progressiv	daheim_artikel/1901_0_Nochmals Armenpflegerinnen..txt
511	progressiv	daheim_artikel/1911_7_Briefkasten des Frauenerwerb..txt
512	konservativ	daheim_artikel/1900_5_Das Pestalozzi-Fröbelhaus in Berlin..txt
513	anderes Thema	daheim_artikel/1887_0_Die Toilette der Monbuttufrauen.txt
514	konservativ	daheim_artikel/1907_4_Familienanschluß..txt
515	konservativ	grenzboten/txt/1873_Pantoffelhelden_des_klassischen_Alterthums.txt
516	progressiv	daheim_artikel/1910_3_Frauenerwerb. Die Verkäuferin im Kunstgewerbe..txt
517	konservativ	daheim_artikel/1901_4_Die Hochzeit des Kronprinzen von Japan..txt
518	progressiv	daheim_artikel/1904_6_Krankenpflege..txt
519	progressiv	daheim_artikel/1909_5_Studienkurse für Lehrerinnen in Greifswald..txt
520	progressiv	daheim_artikel/1907_7_Frauen = Daheim..txt
521	progressiv	daheim_artikel/1910_6_Die erwerbende Frau in Schweden..txt
522	anderes Thema	daheim_artikel/1894_1_Das Stottern..txt
523	neutral/ambivalent	daheim_artikel/1910_4_Rechtsrat des Frauenerwerb..txt
524	konservativ	daheim_artikel/1904_5_Frauen-Daheim.txt
525	anderes Thema	grenzboten/txt/1920_Tobler_Friedrich_Politische_Bildung_des_Studenten.txt
526	progressiv	daheim_artikel/1909_1_Frauenerwerb. Neue Frauenberufe. Die Irrenpflegerin. Die deutsche Pensionsinhaberin in Frankreich. Inga. Noch einmal: Die Putzarbeiterin. Das Heim für halbe Kräfte in Dresden. Briefkasten des Frauenerwerb..txt
527	progressiv	daheim_artikel/1910_5_Briefkasten des Frauenerwerb..txt
528	progressiv	daheim_artikel/1913_8_Frauenerwerb. Die Hausschwester..txt
529	progressiv	daheim_artikel/1910_6_Noch einmal: die deutsche Lehrerin in unseren afrikanischen Kolonien..txt
530	konservativ	grenzboten/txt/1901_Zur_Psychologie_und_Anthropologie__Schluß.txt
531	progressiv	daheim_artikel/1875_8_Am Familientische: Eine Ehrenpflicht der deutschen Frauen gegen ihre Erzieherinnen..txt
532	progressiv	daheim_artikel/1909_7_Examen für Hauswirtschafts-lehrerinnen..txt
533	konservativ	grenzboten/txt/1890_Giebt_es_einen_sittlichen_Fortschritt_und_worin_besteht_er_2.txt
534	anderes Thema	daheim_artikel/1904_8_Redaktionspost..txt
535	progressiv	daheim_artikel/1909_3_Soziale Frauenschule..txt
536	anderes Thema	grenzboten/txt/1867_Die_nordschleswigsche_Frage.txt
537	konservativ	daheim_artikel/1914_9_Der erste Pfarrbräutekursus in der Provinz Sachsen..txt
538	progressiv	daheim_artikel/1909_5_Heimarbeit..txt
539	neutral/ambivalent	daheim_artikel/1882_1_Sie muß Lehrerin werden..txt
540	progressiv	daheim_artikel/1909_9_Frauenerwerb. Neue Frauenberufe..txt
541	progressiv	daheim_artikel/1901_1_Frauen - Daheim..txt
542	konservativ	daheim_artikel/1865_2_Am Famitientische. Maria Theresia über das Verhältniß einer Frau in der Ehe. Ein Brief an ihre Tochter Marie Christine..txt
543	progressiv	daheim_artikel/1901_4_Nochmals: Die Beschäftigung von Damen in der Zuckerindustrie..txt
544	progressiv	daheim_artikel/1903_7_Privatdozentin Dr. Monti..txt
545	neutral/ambivalent	daheim_artikel/1900_0_Marie Kirschner..txt
546	progressiv	daheim_artikel/1909_7_Die kaufmännische und gewerbliche Fortbildungsanstalt für die weibliche Jugend..txt
547	progressiv	daheim_artikel/1909_9_Kinder-Daheim. Rechtsrat des Frauenerwerb..txt
548	neutral/ambivalent	daheim_artikel/1870_8_Am Familientische..txt
549	konservativ	daheim_artikel/1913_1_Frauenerwerb: Die Armeeschwester..txt
550	progressiv	daheim_artikel/1914_7_Der Krieg und die Frau in der Landwirtschaft..txt
551	konservativ	daheim_artikel/1865_0_Am Familientische..txt
552	progressiv	daheim_artikel/1911_4_Briefkasten des Frauenerwerb.txt
553	konservativ	daheim_artikel/1907_7_Unsere Preisaufgabe in Nr. 25..txt
554	progressiv	daheim_artikel/1912_3_Von Deutschlands Handelshochschulen und ihren Studentinnen.txt
555	progressiv	daheim_artikel/1911_3_Selbständige Besteuerung des Einkommens der Ehefrauen..txt
556	progressiv	daheim_artikel/1900_4_Amerikanische und französische Erfinderinnen..txt
557	anderes Thema	daheim_artikel/1868_6_Ein neuer Schöpfungsmythus..txt
558	progressiv	daheim_artikel/1909_4_Briefkasten des Frauenerwerb..txt
559	progressiv	daheim_artikel/1910_6_Das Abgangszeugnis der höheren Mädchenschule..txt
560	konservativ	daheim_artikel/1901_1_Ein Wort an junge Lehrerinnen..txt
561	progressiv	daheim_artikel/1915_6_Kurse in Säuglingspflege..txt
562	anderes Thema	daheim_artikel/1911_1_Die Mischlingsfrage in unseren Kolonien.txt
563	progressiv	daheim_artikel/1900_0_Einweihung der neuen Gartenbauschule für Frauen in Marienfelde..txt
564	konservativ	daheim_artikel/1912_8_Als Gast deutscher Ingenieure im Taurus. Von Ad. Zimmermann.txt
565	progressiv	daheim_artikel/1915_9_Was der Weltkrieg die Mädchenschule lehrt..txt
566	konservativ	daheim_artikel/1909_1_Die Klavierstimmerin..txt
567	progressiv	daheim_artikel/1914_5_Frauenerwerb..txt
568	anderes Thema	grenzboten/txt/1852_Das_Od.txt
569	konservativ	grenzboten/txt/1884_Mode_und_Patriotismus.txt
570	neutral/ambivalent	grenzboten/txt/1876_Carriere_M_Zum_Bildungskampf_unsrer_Zeit.txt
571	konservativ	grenzboten/txt/1920_Hartwig_Betrachtungen_zur_Frage_der_deutschen_Auswanderung_besonders_nach_Südamerika.txt
572	konservativ	daheim_artikel/1874_0_Arles in Südfrankreich und seine Mädchen..txt
573	progressiv	daheim_artikel/1909_3_Junge Mädchen im Auslande..txt
574	konservativ	daheim_artikel/1888_2_Eine mittelalterliche Strafe..txt
575	anderes Thema	daheim_artikel/1902_8_Handarbeit. - Gestickte Herrenwesten..txt
576	neutral/ambivalent	daheim_artikel/1903_5_Auskunft..txt
577	progressiv	daheim_artikel/1912_4_Frauenerwerb. Gärtnerinnen..txt
578	anderes Thema	daheim_artikel/1896_9_Buchhandel..txt
579	progressiv	daheim_artikel/1902_8_Die neue Kochschule in Jena..txt
580	progressiv	daheim_artikel/1912_4_Mädchengewerbeschulen für Damenschneiderei..txt
581	progressiv	daheim_artikel/1913_9_Frauenerwerb..txt
582	anderes Thema	daheim_artikel/1910_1_Zwei künstlerische Wandschirme..txt
583	progressiv	daheim_artikel/1907_5_Frauen=Daheim..txt
584	progressiv	daheim_artikel/1909_3_Die Handels- und Gewerbeschule für Mädchen in Potsdam..txt
585	anderes Thema	daheim_artikel/1909_1_Rechtsrat des Frauenerwerb. Frage: Ich warNachmittags-Stun- denlehrerin in einer Familie gegen ein Monatsgehalt von 50á Über Kün- digungsfrist war nichts vereinbart..txt
586	progressiv	grenzboten/txt/1869_Emminghaus_A_Die_Verbesserung_der_wirthschaftlichen_und_gesellschaftlichen_Stellung_der_Frauen.txt
587	konservativ	grenzboten/txt/1891_Frankenstein_K_Frauenarbeit_und_Kinderschutz.txt
588	progressiv	daheim_artikel/1909_9_Die Lehrfarm in Südwestafrika für junge Mädchen, ein notwendiges Bindeglied zwischen der Heimat und unserer südwestafrikanischen Kolonie..txt
589	konservativ	daheim_artikel/1913_8_Frauentrachten auf dem Balkan.txt
590	progressiv	grenzboten/txt/1905_Bruchmann_K_Adalbert_Stifter.txt
591	konservativ	grenzboten/txt/1905_König_Eduard_Die_Ästhetik_als_Norm_der_Menschenwürdigung.txt
592	progressiv	daheim_artikel/1900_7_Haushaltungsseminar..txt
593	progressiv	daheim_artikel/1911_4_Frauenerwerb. Die chemische Praktikantin..txt
594	progressiv	daheim_artikel/1914_3_Frauenerwerb. Die Zahnärztin..txt
595	progressiv	grenzboten/txt/1869_Emminghaus_A_Fachschulen_für_Frauen.txt
596	konservativ	grenzboten/txt/1846_Die_Königin_von_Frankreich_und_Mad_Adelaide.txt
597	progressiv	daheim_artikel/1884_9_Ein ärztlicher Wink für junge Damen..txt
598	progressiv	daheim_artikel/1907_5_Frauenschulkurse..txt
599	anderes Thema	grenzboten/txt/1912_Wagner_Rudolf_Koloniale_Fortschritte__Randbemerkungen_zu_Dr_Solfs_Afrikafahrt.txt
600	konservativ	grenzboten/txt/1889_Zur_Frauenfrage.txt
601	konservativ	grenzboten/txt/1893_Schwarzes_Bret.txt
602	konservativ	daheim_artikel/1903_5_Prinzeß Carl zu Salm-Horstmar..txt
603	progressiv	daheim_artikel/1914_0_Die Kriegsschwester..txt
604	anderes Thema	grenzboten/txt/1910_Voigt_Julius_Oskar_Jäger.txt
605	neutral/ambivalent	daheim_artikel/1902_7_Frauenbüchertisch..txt
606	neutrual/ambivalent	daheim_artikel/1910_1_Rechtsrat des Frauenerwerb..txt
607	konservativ	daheim_artikel/1914_0_Plauderstunden mit Carmen Sylva. Von Paul Lindenberg. (Schluß.).txt
608	konservativ	daheim_artikel/1880_7_Der Dienst der Frauen an den Frauen. II. Der Dienst der Rettung..txt
609	anderes Thema	grenzboten/txt/1846_Zur_schleswigholsteinischen_Frage.txt
610	konservativ	daheim_artikel/1904_6_Der hauswirtschaftliche Unterricht in den Kasseler Mädchen-Volksschulen..txt
611	anderes Thema	grenzboten/txt/1882_Magyaren_und_Deutsche__aus_Österreich.txt
612	konservativ	grenzboten/txt/1913_Adam_Max_Briefe_aus_der_Frühromantik.txt
613	progressiv	daheim_artikel/1911_1_Budenzauber im Barackenlager. Bon Hans Caspar Starken.txt
614	neutral/ambivalent	daheim_artikel/1905_1_Auskunft..txt
615	konservativ	daheim_artikel/1902_1_Eine Liebesgabe der deutschen Frauen..txt
616	progressiv	daheim_artikel/1904_6_Goldschmiedearbeiten einer Frau..txt
617	konservativ	"daheim_artikel/1913_1_Nochmals „Der Mutterberuf"".txt"
618	anderes Thema	grenzboten/txt/1890_Der_ehrliche_Makler.txt
619	konservativ	daheim_artikel/1881_8_Am Familientische: Mohammeds Frauen..txt
620	progressiv	daheim_artikel/1903_1_Frauenbüchertisch. Das Eigenkleid der Frau..txt
621	progressiv	daheim_artikel/1910_3_Frauenerwerb..txt
622	progressiv	daheim_artikel/1903_4_Die Kunstschule zu Weimar den Frauen geöffnet..txt
623	anderes Thema	grenzboten/txt/1919_Mitteilungen_der_Deutschen_Volksräte_Posens_und_Westpreußens_Nr_26.txt
624	progressiv	grenzboten/txt/1887_Ruprecht_W_Die_Thätigkeit_der_Frauen_für_die_Milderung_der_Wohnungsnot_.txt
625	progressiv	daheim_artikel/1902_6_Notizen. Charles Kean-Sammlung..txt
626	progressiv	daheim_artikel/1911_9_Frauenerwerb..txt
627	konservativ	daheim_artikel/1903_4_Malerin Sophie Koner..txt
628	progressiv	daheim_artikel/1909_5_Die Lehrerinnenausbildung nach den Bestimmungen über die Neuordnung des höheren Mädchenschulwesens in Preußen..txt
629	progressiv	daheim_artikel/1914_5_Sportfreuden der Jugend. Plauderei von einem Schulmann..txt
630	progressiv	grenzboten/txt/1863_Herr_Lassalle_und_die_Arbeiter_2.txt
631	anderes Thema	grenzboten/txt/1875_Dannehl_G_Briefe_aus_Belgien.txt
632	progressiv	daheim_artikel/1909_4_Buchbesprechung: Die Einwanderung gebildeter weiblicher Erwerbsbedürftiger nach den Vereinigten Staaten..txt
633	konservativ	daheim_artikel/1898_4_Etwas vom Heiraten. Von Gustav Kukutsch..txt
634	progressiv	grenzboten/txt/1918_Kelchner_Mathilde_Die_Politisierung_der_Frau.txt
635	konservativ	"daheim_artikel/1913_2_Zum Artikel: „Die Baukünstlerin und Architekturzeichnerin"" (Frauen- erwerb, Daheim Nr. 26)..txt"
636	progressiv	daheim_artikel/1900_0_Erwerb..txt
637	progressiv	daheim_artikel/1909_7_Frauenerwerb. Neue Frauenberufe. Die Rezitatorin..txt
638	progressiv	daheim_artikel/1915_3_Briefkasten der Frauenarbeit..txt
639	progressiv	daheim_artikel/1913_6_Die Berufsnot der älteren gebildeten Frau..txt
640	progressiv	daheim_artikel/1914_7_Frauenerwerb..txt
641	anderes Thema	grenzboten/txt/1921_Fester_Richard_Das_angebliche_Bündnisangebot_Englands_von_1895.txt
642	anderes Thema	daheim_artikel/1910_6_Rechtsrat des Frauenerwerb..txt
643	progressiv	daheim_artikel/1914_9_Erwerbsmöglichkeiten bei den Krankenkassen..txt
644	konservativ	daheim_artikel/1881_4_Gesundheitsrat.txt
645	konservativ	grenzboten/txt/1884_Kämmel_Otto_Die_Venezianer_zu_Hause__Schluß.txt
646	anderes Thema	daheim_artikel/1885_6_Briefkasten..txt
647	progressiv	grenzboten/txt/1903_Thamm_M_Die_Frauenbewegung_während_der_französischen_Revolution.txt
648	progressiv	daheim_artikel/1897_8_Eine Angelegenheit der deutschen Lehrerinnen und Erzieherinnen..txt
649	neutral/ambivalent	daheim_artikel/1907_0_Eine Mahnung..txt
650	progressiv	daheim_artikel/1915_2_Briefkasten der Frauenarbeit..txt
651	progressiv	daheim_artikel/1912_1_Der erste weibliche Professor im deutschen höheren Schuldienst..txt
652	progressiv	daheim_artikel/1911_7_Frauenerwerb.txt
653	progressiv	daheim_artikel/1914_6_Kleine Mitteilungen..txt
654	progressiv	daheim_artikel/1909_5_Neue Frauenberufe..txt
655	konservativ	daheim_artikel/1905_1_Schillers Lotte..txt
656	anderes Thema	grenzboten/txt/1852_Ein_Blick_auf_die_neuesten_Zustände_in_der_Türkei__von_einem_Serben.txt
657	progressiv	daheim_artikel/1914_8_Frauenerwerb..txt
658	konservativ	grenzboten/txt/1856_Die_Naturgeschichte_des_Volks.txt
659	progressiv	grenzboten/txt/1891_Die_höhere_Mädchenschule.txt
660	neutral/ambivalent	daheim_artikel/1912_4_Frauen-Daheim..txt
661	anderes Thema	daheim_artikel/1869_9_Ein chinesisches Frauenfest..txt
662	konservativ	grenzboten/txt/1889_Der_Freisinn_und_die_Frauenfrage.txt
663	progressiv	daheim_artikel/1912_3_Kleine Mitteilungen..txt
664	progressiv	grenzboten/txt/1913_Pollatz_Manfred_Die_Eigenart_der_Geschlechter__ein_Problem_für_Unterricht_und_Erziehung.txt
665	progressiv	daheim_artikel/1909_1_Frauenerwerb..txt
666	progressiv	daheim_artikel/1901_5_Die Malerinnenschule zu Karlsruhe..txt
667	progressiv	daheim_artikel/1901_5_Das jüngste Schwesternhaus vom Roten Kreuz..txt
668	progressiv	daheim_artikel/1915_7_Frauenberufe in Kriegszeiten..txt
669	progressiv	daheim_artikel/1898_2_Gesundheitsrat..txt
670	progressiv	grenzboten/txt/1896_Z_L_Der_Frauentag_in_Kassel.txt
671	konservativ	daheim_artikel/1897_4_Eine Dulderin auf dem Königsthron. Mit zwei Illustrationen..txt
672	neutral/ambivalent	daheim_artikel/1912_7_Die Erstarkung unserer weiblichen Jugend..txt
673	konservativ	daheim_artikel/1900_0_Frauen-Daheim..txt
674	progressiv	daheim_artikel/1911_3_Frauenerwerb. Die Lehrerin der Absehkunft..txt
675	anderes Thema	grenzboten/txt/1891_Zur_neuen_Faustphilologie.txt
676	progressiv	daheim_artikel/1912_0_Die Vermehrung der Frauenarbeit..txt
677	anderes Thema	grenzboten/txt/1895_Ist_die_jetzige_preußische_Regierung_national.txt
678	progressiv	daheim_artikel/1910_1_Frauenerwerb. Die gebildete Schneiderin..txt
679	progressiv	daheim_artikel/1909_7_Frauenerwerb. Rechtsrat des Frauenerwerb..txt
680	anderes Thema	grenzboten/txt/1901_Zur_modernen_Litteratur_namentlich_des_Dramas.txt
681	konservativ	daheim_artikel/1889_3_Die Weiber des Propheten.txt
682	konservativ	daheim_artikel/1882_7_Aus dem Familienleben der Tschuktschen..txt
683	konservativ	grenzboten/txt/1908_Gregorovius_E_Das_Lehrerbesoldungsgesetz_in_Preußen.txt
684	anderes Thema	daheim_artikel/1909_7_Sprechstunde des Frauenerwerb..txt
685	anderes Thema	grenzboten/txt/1877_Ursachen_der_Wandlung_in_Baden.txt
686	konservativ	daheim_artikel/1887_4_Aus Neu-Pommern..txt
687	progressiv	daheim_artikel/1909_8_Frauenkrankenhäuser..txt
688	konservativ	daheim_artikel/1900_2_Zur Besuchskartenfrage..txt
689	anderes Thema	daheim_artikel/1913_3_Richard Wagner, der Befreier. Bon Ferdinand Pfohl..txt
690	progressiv	daheim_artikel/1914_0_Sächsische Altersheime. II. Das Stift Wilhelma in Weinböhla..txt
691	progressiv	daheim_artikel/1903_2_Ein weiblicher Architekt in Finnland..txt
692	anderes Thema	grenzboten/txt/1914_Schacht_Roland_Siegfried_oder_Achill.txt
693	progressiv	daheim_artikel/1914_7_Die Frau als Gärtnerin..txt
694	progressiv	daheim_artikel/1903_5_Die neue Frauentracht..txt
695	progressiv	daheim_artikel/1911_5_Frauen-Daheim. Hausfrau in Pommern. Die Gemeindehelferin..txt
696	progressiv	grenzboten/txt/1878_RauchhauptR_Die_türkischen_Frauen.txt
697	progressiv	grenzboten/txt/1890_Heinzig_Bernhard_Mädchenerziehung_in_Frankreich__Schluß.txt
698	progressiv	daheim_artikel/1892_9_Vereinswesen..txt
699	konservativ	grenzboten/txt/1896_Das_Vermögen_der_Frau.txt
700	anderes Thema	daheim_artikel/1901_7_Feldpostbriefe aus China VII. Friedensbilder aus dem Kriegsleben in China..txt
701	progressiv	daheim_artikel/1900_4_Die Baumesterin Erika Paulas..txt
702	progressiv	daheim_artikel/1907_3_Frauen-Daheim. Fräulein von Baumbachs Nachbildungen alten Bauernschmucks..txt
703	konservativ	daheim_artikel/1914_9_Moderne Bildhauerinnen.txt
704	progressiv	daheim_artikel/1912_6_Konsulat und Vagabundentum.txt
705	konservativ	grenzboten/txt/1910_Wachter_Wilhelm_Eine_zeitgemäße_Abraham_a_SantaClaraPredigt.txt
706	progressiv	daheim_artikel/1866_3_Miss Emily Faithfull und ihre Seherinnen..txt
707	konservativ	daheim_artikel/1885_1_Das Berliner Mägdehaus. Von Th. Coßmann..txt
708	anderes Thema	daheim_artikel/1915_0_Schweden—Finnland—Rußland..txt
709	progressiv	daheim_artikel/1911_4_Frauenerwerb..txt
710	anderes Thema	daheim_artikel/1873_4_Des Büttels Flasche..txt
711	progressiv	daheim_artikel/1914_7_Neudeutsche Hausgewänder..txt
712	anderes Thema	daheim_artikel/1892_8_Vereinswesen..txt
713	konservativ	daheim_artikel/1868_8_Am Familientische..txt
714	progressiv	daheim_artikel/1909_8_Ein weiblicher Architekt. Von Fritz Daussig..txt
715	konservativ	grenzboten/txt/1886_Die_Sonntagsarbeit.txt
716	anderes Thema	daheim_artikel/1874_0_Am Familientische: Michael und Michel..txt
717	anderes Thema	grenzboten/txt/1850_S_J_Die_Gleichberechtigung_der_Nationalitäten__offenes_Sendschreiben_an_Frantissek_Palacky.txt
718	konservativ	grenzboten/txt/1907_Schulz_Emil_Aus_dem_dunkeln_Kapitel_der_chinesischen_Kultur.txt
719	progressiv	daheim_artikel/1913_2_Frauen als Schöffen für Jugendgerichte..txt
720	progressiv	daheim_artikel/1913_3_Kleine Mitteilungen..txt
721	progressiv	daheim_artikel/1907_8_Krankenpflege vom erziehlichen Standpunkt..txt
722	progressiv	daheim_artikel/1893_7_Vereine..txt
723	progressiv	grenzboten/txt/1905_Weitere_Erinnerungen_einer_Lehrerin.txt
724	anderes Thema	daheim_artikel/1913_8_Prinzessin Viktoria Margarete.txt
725	progressiv	daheim_artikel/1897_4_Die Neuberin. Ein Gedenkblatt zum 9. März..txt
726	progressiv	daheim_artikel/1912_7_Das Heim für keuchhustenkranke Kinder. Ein Frauenerwerb..txt
727	neutral/ambivalent	daheim_artikel/1880_0_Für Gouvernanten und Erzieherinnen..txt
728	neutral/ambivalent	grenzboten/txt/1903_Vater_und_Mutter__eine_Variante.txt
729	progressiv	daheim_artikel/1900_2_Eine Entgegnung..txt
730	progressiv	daheim_artikel/1911_7_Frauenerwerb..txt
731	progressiv	daheim_artikel/1868_9_Frauenemigration in England..txt
732	progressiv	daheim_artikel/1914_6_Frauenerwerb auf dem Lande..txt
733	progressiv	daheim_artikel/1913_6_Damen beim Sport.txt
734	progressiv	daheim_artikel/1914_2_Hausfrauenhilfe..txt
735	konservativ	grenzboten/txt/1902_Minister_Bosse.txt
736	progressiv	daheim_artikel/1905_2_Auskunft..txt
737	progressiv	daheim_artikel/1913_4_Mädchengewerbeschulen für Damenschneiderei..txt
738	konservativ	daheim_artikel/1874_9_Am Familientische: Xanthippe..txt
739	konservativ	daheim_artikel/1875_9_Eine Veteranin der Freiheitskriege..txt
740	neutral/ambivalent	daheim_artikel/1903_3_Die Frauen im Post-, Telegraphen- und Fernsprechdienst..txt
741	anderes Thema	daheim_artikel/1904_9_Handarbeit..txt
742	progressiv	daheim_artikel/1913_6_Kleine Mitteilungen..txt
743	konservativ	grenzboten/txt/1844_FrauenLiteratur_I.txt
744	progressiv	daheim_artikel/1914_5_Die Witwe..txt
745	progressiv	grenzboten/txt/1902_Der_Evangelische_Diakonieverein.txt
746	progressiv	grenzboten/txt/1881_Schönfeld_Paul_Die_Frauen_der_italienischen_Renaissance.txt
747	progressiv	daheim_artikel/1915_7_Briefkasten der Frauenarbeit..txt
748	konservativ	daheim_artikel/1907_9_Büchertisch..txt
749	neutral/ambivalent	daheim_artikel/1909_1_Rechtsrat des Frauenerwerb..txt
750	progressiv	daheim_artikel/1900_8_Kinderkrankenpflege..txt
751	progressiv	daheim_artikel/1909_9_Sprechstunde des Frauenerwerb..txt
752	konservativ	daheim_artikel/1912_4_Frauenerwerb..txt
753	konservativ	grenzboten/txt/1890_Hegels_Lehre_über_die_Familie.txt
754	progressiv	daheim_artikel/1910_5_Die Photographin..txt
755	progressiv	daheim_artikel/1913_0_Soziale Frauenberufe..txt
756	progressiv	daheim_artikel/1912_1_Die Handfertigkeitslehrerin..txt
757	anderes Thema	grenzboten/txt/1869_Die_letzten_Bände_der_Varnhagenschen_Memoiren.txt
758	progressiv	daheim_artikel/1901_0_Fortbildung..txt
759	konservativ	daheim_artikel/1912_8_Prinzessin Viktoria Margarete.txt
760	konservativ	daheim_artikel/1877_7_Zur Ehrenrettung Verleumdeter. II. Die Stiefmütter..txt
761	anderes Thema	grenzboten/txt/1867__Der_Verein_für_Geschichte_der_Deutschen_in_Böhmen.txt
762	anderes Thema	grenzboten/txt/1886_Land_und_Leute_in_Bulgarien__2_Das_Volk_und_seine_Sitte_und_Kultur.txt
763	progressiv	daheim_artikel/1901_1_Die Apothekerin und ihre Berufsaussichten..txt
764	konservativ	grenzboten/txt/1918_Bluhm_Agnes_Demobilisierung_der_weiblichen_industriellen_Armee.txt
765	anderes Thema	daheim_artikel/1893_6_Statistik..txt
766	anderes Thema	grenzboten/txt/1849_Von_einem_Deutschböhmen_Zur_Charakteristik_der_Czechen.txt
767	konservativ	daheim_artikel/1907_3_Die Frauen in Marokko..txt
768	konservativ	grenzboten/txt/1894_Müllenbach_Ernst_Demoiselle__Fräulein___Gnädiges_Fräulein__1794_bis_1894.txt
769	progressiv	daheim_artikel/1910_9_Frauenerwerb. Noch einmal die Wohnungsinspektorin..txt
770	progressiv	daheim_artikel/1911_9_Kleine Mitteilungen..txt
771	progressiv	daheim_artikel/1901_5_Erholungshaus für Arbeiterinnen in Schreiberhau i. Riesengebirge..txt
772	progressiv	daheim_artikel/1915_6_Mode..txt
773	progressiv	daheim_artikel/1905_6_Vom Lande..txt
774	progressiv	daheim_artikel/1912_3_Das Jugendpflegerinnen - Seminar Nowawes bei Potsdam..txt
775	konservativ	daheim_artikel/1915_6_Rechtsrat..txt
776	progressiv	daheim_artikel/1907_5_Frauen-Daheim. Die Reform des höheren Mädchen-schulwesens..txt
777	anderes Thema	grenzboten/txt/1897_Vererbung.txt
778	progressiv	grenzboten/txt/1892_Buchner_Wilhelm_Das_ärztliche_Studium_der_Frauen.txt
779	konservativ	daheim_artikel/1915_4_Starke Frauenherzen..txt
780	anderes Thema	grenzboten/txt/1900_P_A_Die_Frau_in_der_venezianischen_Malerei.txt
781	progressiv	daheim_artikel/1909_3_Neue Frauenberufe. Die Putzarbeiterin..txt
782	anderes Thema	daheim_artikel/1895_3_Volkskunde..txt
783	neutral/ambivalent	daheim_artikel/1907_3_Frauen-Daheim. Wie eine junge Lehrerin sich kleiden soll..txt
784	progressiv	daheim_artikel/1879_1_Am Familientische. Silhouette und Psaligraphie..txt
785	anderes Thema	grenzboten/txt/1882_Busch_Moritz_Bismarck_und_die_Religion.txt
786	konservativ	grenzboten/txt/1856_Die_Bildung_der_Frauen.txt
787	konservativ	daheim_artikel/1914_0_Das freie Mädchen..txt
788	progressiv	daheim_artikel/1909_7_Auszug aus dem Programm des Reform - Gymnasiums Zürich..txt
789	progressiv	daheim_artikel/1903_9_Wanderlehrerin für Samariter-Kurse..txt
790	progressiv	"daheim_artikel/1911_7_Frauenerwerb. ""Die Frau im Beruf"" von M. Heller..txt"
791	progressiv	daheim_artikel/1903_2_Heimarbeiterinnen..txt
792	progressiv	daheim_artikel/1902_1_Deutsche Lehrerinnen in England..txt
793	anderes Thema	daheim_artikel/1875_6_Gladstones Kampf gegen Rom..txt
794	progressiv	daheim_artikel/1910_0_Ein weiblicher Rechtspraktikant..txt
795	konservativ	grenzboten/txt/1891_Die_Korruption_am_Theater.txt
796	konservativ	daheim_artikel/1890_3_Lehrer oder Lehrerinnen?.txt
797	progressiv	daheim_artikel/1903_1_Auskunft..txt
798	progressiv	daheim_artikel/1910_9_Aus unserem Preisausschreiben..txt
799	progressiv	grenzboten/txt/1894_Die_Lehrerinnenfrage_in_Preußen.txt
800	progressiv	daheim_artikel/1910_4_Frauenerwerb. Aus unserem Preisausschreiben..txt
801	progressiv	grenzboten/txt/1900_Kellen_T_Frauenlöhne_in_Frankreich.txt
802	anderes Thema	daheim_artikel/1893_0_Völkerkunde..txt
803	neutral/ambivalent	grenzboten/txt/1891_Ein_Streifzug_durch_das_Gestrüpp_der_Frauenfrage.txt
804	progressiv	daheim_artikel/1909_1_Frauenerwerb. Neue Frauenberufe. Akademische Frauenberufe, ihre Vorbereitung und Aussichten..txt
805	progressiv	daheim_artikel/1903_6_Aus alter Zeit..txt
806	progressiv	daheim_artikel/1914_8_Frauenerwerb. Die orthopädische Turnlehrerin. Von Frau Helene Crüger-Lehmann..txt
807	progressiv	daheim_artikel/1914_9_Frauenerwerb. Die Haustochter in unseren Kolonien..txt
808	neutral/ambivalent	daheim_artikel/1910_5_Die Schneiderei als Kunst..txt
809	progressiv	daheim_artikel/1901_4_Die Musiksektion des Allgemeinen Deutschen Lehrerinnen-Vereins..txt
810	konservativ	daheim_artikel/1904_4_Auskunft..txt
811	progressiv	daheim_artikel/1892_8_Ausstellungen..txt
812	progressiv	daheim_artikel/1910_2_Briefkasten des Frauenerwerb..txt
813	progressiv	daheim_artikel/1913_3_Die Zeichnerin in modetechnischen Betrieben..txt
814	progressiv	"daheim_artikel/1912_0_Vom „Verein der Freundinnen junger Mädchen""..txt"
815	neutral/ambivalent	daheim_artikel/1901_6_Frauenbüchertisch..txt
816	progressiv	grenzboten/txt/1888_Kreyenberg_Gotthold_Die_Bildung_der_Töchter_höherer_Stände_.txt
817	progressiv	daheim_artikel/1913_5_Kleine Mitteilungen..txt
818	progressiv	daheim_artikel/1896_5_Die Universität der Frau..txt
819	anderes Thema	grenzboten/txt/1862__Aus_Süddeutschland.txt
820	progressiv	daheim_artikel/1909_9_Kinder-Daheim. Sprechstunde des Frauenerwerb..txt
821	konservativ	grenzboten/txt/1878_Pariser_Studien_II_.txt
822	progressiv	daheim_artikel/1909_4_Frauenerwerb. Neue Frauenberufe. Die Dekorateurin..txt
823	konservativ	grenzboten/txt/1921_Offenherzigkeiten.txt
824	anderes Thema	daheim_artikel/1887_7_Johann Albrecht Bengel..txt
825	anderes Thema	grenzboten/txt/1864_Die_geschlechtliche_Fortpflanzung_der_Gewächse.txt
826	anderes Thema	grenzboten/txt/1880_Aus_Baden.txt
827	progressiv	daheim_artikel/1909_7_Die Lehrkurse im Berliner Krippenverein..txt
828	konservativ	grenzboten/txt/1858_Schleiermachers_Briefe.txt
829	progressiv	daheim_artikel/1909_1_Frauenerwerb. Technische Lehrerinnen..txt
830	progressiv	grenzboten/txt/1883_Minor_J_Friedrich_Schlegel_1.txt
831	progressiv	daheim_artikel/1909_7_Die Hausschwester..txt
832	progressiv	grenzboten/txt/1919_Kelchner_Mathilde_Ein_Bericht_über_Frauenbestrebungen_der_Gegenwart.txt
833	anderes Thema	daheim_artikel/1912_3_Frauenerwerb..txt
834	progressiv	daheim_artikel/1910_4_Frauenerwerb. Das Briefmarken - Fräulein..txt
835	konservativ	grenzboten/txt/1882_Lang_C_Etwas_von_unsern_Töchtern.txt
836	konservativ	daheim_artikel/1900_2_Bund Deutscher Frauen zur Unterstützung von Offiziers-­­witwen und -Waisen..txt
837	anderes Thema	grenzboten/txt/1901_Münch_W_Ruhm_und_Lebensdauer.txt
838	konservativ	grenzboten/txt/1900_Zur_Frauenfrage.txt
839	neutral/ambivalent	daheim_artikel/1886_8_Gesundheitsrat..txt
840	progressiv	daheim_artikel/1909_9_Verein für Familien- und Volkserziehung in Leipzig..txt
841	progressiv	daheim_artikel/1902_4_Ein Vorschlag..txt
842	konservativ	grenzboten/txt/1897_Clausen_E_Der_Schwund_des_Ehrgefühls.txt
843	anderes Thema	daheim_artikel/1902_7_Fragen..txt
844	anderes Thema	grenzboten/txt/1850_Macaulay_und_die_englische_Geschichtschreibung.txt
845	progressiv	daheim_artikel/1874_5_Am Familientische: Der Weiberkrieg gegen den Branntwein in Ohio..txt
846	konservativ	grenzboten/txt/1861_Zur_Charakteristik_Japans__Schluß.txt
847	konservativ	grenzboten/txt/1883_Die_Kinderarmut_in_Frankreich.txt
848	progressiv	daheim_artikel/1913_1_Frauenerwerb..txt
849	progressiv	daheim_artikel/1909_1_Frauenerwerb. Frauenberufe. Die Frau als Verkäuferin..txt
850	anderes Thema	daheim_artikel/1882_4_Zur Säkularfeier des Toleranzediktes Kaiser Josephs II..txt
851	progressiv	daheim_artikel/1909_9_Briefkasten des Frauenerwerb..txt
852	progressiv	daheim_artikel/1904_0_Die Kunststickereiausstellung des Berliner Lettehauses aus Anlaß des Internationalen Frauenkongresses..txt
853	konservativ	gartenlaube/1875/Dichtermütter.txt
854	progressiv	gartenlaube/1875/Der_blinde_Stimmführer_und_sein_Weib.txt
855	konservativ	gartenlaube/1875/Frauen_der_französischen_Revolution3._Lucile_Desmoulins.txt
856	progressiv	gartenlaube/1880/Frauen_und_Mädchen_als_Gärtnerinnen.txt
857	anderes Thema	gartenlaube/1880/Die_geschichtlichen_Wandlungen_der_deutschen_Frauenmoden.txt
858	progressiv	gartenlaube/1880/Bildungsschulen_schwäbischer_Bauernmädchen.txt
859	progressiv	gartenlaube/1861/Der_Frauenverein_für_Gesundheitspflege_in_England.txt
860	progressiv	gartenlaube/1861/George_Sand_(Die_Gartenlaube_1861).txt
861	konservativ	gartenlaube/1861/Eine_deutsche_Schriftstellerin.txt
862	neutral/ambivalent	gartenlaube/1861/Amerikanische_Studien_nach_der_Natur.txt
863	progressiv	gartenlaube/1861/Hauserziehung_und_Kindergarten.txt
864	anderes Thema	gartenlaube/1860/Australien_und_die_australische_Race.txt
865	progressiv	gartenlaube/1889/Hausgymnastik_für_Mädchen_und_Frauen.txt
866	progressiv	gartenlaube/1889/Frauenbildung.txt
867	neutral/ambivalent	gartenlaube/1889/Gegen_das_Strumpfband!.txt
868	anderes Thema	gartenlaube/1865/Die_Begründung_einer_neuen_himmlischen_Herrschaft.txt
869	konservativ	gartenlaube/1865/Ehrenrettung_der_amerikanischen_Frauen.txt
870	progressiv	gartenlaube/1890/Aufruf_für_ein_deutsches_Erzieherinnenheim_in_Wien.txt
871	progressiv	gartenlaube/1890/Die_hauswirtschaftliche_Unterweisung_armer_Mädchen.txt
872	progressiv	gartenlaube/1890/Die_Frauen_und_der_ärztliche_Beruf.txt
873	konservativ	gartenlaube/1890/Frauen-Dank.txt
874	progressiv	gartenlaube/1890/Der_Lette-Verein_in_Berlin.txt
875	progressiv	gartenlaube/1898/Frauen_als_Schrankenwärterinnen.txt
876	progressiv	gartenlaube/1898/Das_deutsche_Blindenheim_Tsau-kwong_in_China.txt
877	progressiv	gartenlaube/1898/Christenschulen_in_China.txt
878	progressiv	gartenlaube/1898/Die_Ausstellung_nationaler_Frauenarbeiten_im_Haag.txt
879	progressiv	gartenlaube/1898/Eine_Biographie_von_Luise_Otto-Peters.txt
880	konservativ	gartenlaube/1874/Die_Großmutter_deutscher_Kronenträger.txt
881	konservativ	gartenlaube/1874/Ein_Brief_Schleiermacher’s.txt
882	progressiv	gartenlaube/1874/Das_Haus_der_Berliner_Frauen.txt
883	progressiv	gartenlaube/1874/Amerikanischer_Frauenkrieg_gegen_Trinkstuben.txt
884	progressiv	gartenlaube/1874/Frauenarbeit_(Die_Gartenlaube_187428).txt
885	progressiv	gartenlaube/1879/Ein_Arbeitsfeld_für_edle_Frauen.txt
886	konservativ	gartenlaube/1879/Deutsches_Frauenleben_im_Mittelalter_(Die_Gartenlaube_187913).txt
887	anderes Thema	gartenlaube/1879/Goethe’s_Frauenbekanntschaften.txt
888	progressiv	gartenlaube/1879/Die_Louise-Büchner-Stiftung.txt
889	progressiv	gartenlaube/1883/Die_Frauentage_und_die_Frauenbewegung.txt
890	progressiv	gartenlaube/1883/Mode_und_Kleiderreform_in_England.txt
891	progressiv	gartenlaube/1883/Feierabendhäuser_für_Lehrerinnen.txt
892	konservativ	gartenlaube/1888/Ein_Damenklub.txt
893	konservativ	gartenlaube/1888/Die_Augen_der_Frauen.txt
894	progressiv	gartenlaube/1888/Die_Haushaltungsschule_des_Lette-Vereins_in_Berlin.txt
895	anderes Thema	gartenlaube/1897/Aegyptische_Frauen_mit_ihren_Kindern.txt
896	progressiv	gartenlaube/1897/Gedanken_und_Erfahrungen_über_Frauenbildung_und_Frauenberuf.txt
897	progressiv	gartenlaube/1897/Die_geistigen_Fähigkeiten_der_Frau.txt
898	progressiv	gartenlaube/1897/Anna_Schepeler-Lette.txt
899	progressiv	gartenlaube/1897/Das_Feierabendhaus_für_Lehrerinnen_in_Wolfenbüttel.txt
900	progressiv	gartenlaube/1899/Für_deutsche_Erzieherinnen_in_England.txt
901	anderes Thema	gartenlaube/1899/Frauen_und_Männer_in_Europa.txt
902	progressiv	gartenlaube/1855/Die_Humanität_in_der_Fabrik.txt
903	anderes Thema	gartenlaube/1855/Alexander_Dumas’_Stammbaum.txt
904	konservativ	gartenlaube/1855/Damentoilette_sonst_und_jetzt.txt
905	anderes Thema	gartenlaube/1855/Harmonie_der_Farben_in_Kleidern_für_die_verschiedenen_„Teints“.txt
906	anderes Thema	gartenlaube/1869/Eine_Cabinetsordre_Friedrich_Wilhelm_des_Dritten.txt
907	progressiv	gartenlaube/1869/Aus_den_Sonntagsbriefen_eines_Zeitgenossen_(Die_Gartenlaube_186952).txt
908	neutral/ambivalent	gartenlaube/1867/Der_geheimnißvolle_Doctor.txt
909	konservativ	gartenlaube/1867/Kaukasische_Civilisation.txt
910	konservativ	gartenlaube/1867/Frauenleben_in_der_Kalifenstadt.txt
911	konservativ	gartenlaube/1864/Die_Amazonen.txt
912	konservativ	gartenlaube/1858/G._A._Wislicenus.txt
913	progressiv	gartenlaube/1858/Der_chinesische_Damenfuß.txt
914	konservativ	gartenlaube/1858/Eine_deutsche_Prinzessin.txt
915	konservativ	gartenlaube/1858/Die_nervenkranken_Damen.txt
916	progressiv	gartenlaube/1858/Die_Frauen_in_Indien.txt
917	anderes Thema	gartenlaube/1858/Literarische_Anzeige_(Die_Gartenlaube_185844).txt
918	konservativ	gartenlaube/1858/Mutterpflichten_und_Muttersünden.txt
919	progressiv	gartenlaube/1858/Den_Frauen_und_Müttern.txt
920	progressiv	gartenlaube/1894/Ein_Frauenheim.txt
921	progressiv	gartenlaube/1894/Der_Diakonissenberuf.txt
922	progressiv	gartenlaube/1894/Der_kaufmännische_und_gewerbliche_Hilfsverein_für_weibliche_Angestellte_in_Berlin.txt
923	progressiv	gartenlaube/1894/Die_Führerinnen_der_Frauenbewegung_in_Deutschland.txt
924	progressiv	gartenlaube/1894/Die_Frau_als_Erfinderin.txt
925	progressiv	gartenlaube/1894/„Die_Frauenkleidung_vom_Standpunkt_der_Hygieine“.txt
926	progressiv	gartenlaube/1895/Vor_der_BerufswahlDie_Frau_und_das_Universitätsstudium.txt
927	progressiv	gartenlaube/1895/Gesprächige_Frauen.txt
928	progressiv	gartenlaube/1895/Der_größte_Verein_erwerbsthätiger_Frauen_in_Deutschland.txt
929	konservativ	gartenlaube/1895/Komm',_Wackelhänschen!.txt
930	anderes Thema	gartenlaube/1878/Das_Gesetz_der_großen_Zahlen.txt
931	progressiv	gartenlaube/1878/Das_Feierabendhaus_deutscher_Lehrerinnen_und_Erzieherinnen_in_Steglitz.txt
932	konservativ	gartenlaube/1862/Deutsche_Frauen.txt
933	konservativ	gartenlaube/1862/Crinoline_von_unten_und_oben.txt
934	anderes Thema	gartenlaube/1862/„Da_werden_Weiber_zu_Hyänen“.txt
935	progressiv	gartenlaube/1862/Fanny_Lewald_(Die_Gartenlaube_186242).txt
936	konservativ	gartenlaube/1862/Lesen_und_Vorlesen.txt
937	konservativ	gartenlaube/1863/Die_Beguinen_in_den_Niederlanden.txt
938	progressiv	gartenlaube/1863/Ein_deutsches_Heldenmädchen.txt
939	progressiv	gartenlaube/1863/Eine_deutsche_Bocksbeutelei.txt
940	anderes Thema	gartenlaube/1863/Ein_deutscher_Jude.txt
941	konservativ	gartenlaube/1863/Französisches_Familienleben.txt
942	progressiv	gartenlaube/1885/Eine_fürstliche_Malerin.txt
943	progressiv	gartenlaube/1885/Frauen_auf_akademischem_Lehrstuhle_der_Mathematik.txt
944	progressiv	gartenlaube/1885/Frauen_als_Armenpflegerinnen.txt
945	anderes Thema	gartenlaube/1885/Die_Deutschen_in_Australien_(Die_Gartenlaube_188532).txt
946	konservativ	gartenlaube/1885/Galant.txt
947	anderes Thema	gartenlaube/1885/Ferienstudien_am_SeestrandeWeiber_und_Männlein.txt
948	konservativ	gartenlaube/1893/Etwas_von_der_Mode.txt
949	progressiv	gartenlaube/1893/Das_erste_deutsche_Mädchengymnasium.txt
950	progressiv	gartenlaube/1893/Der_Krinolinenkrieg.txt
951	anderes Thema	gartenlaube/1893/Eine_Dalmatinerin.txt
952	progressiv	gartenlaube/1873/Asyl_für_stellenlose_Erzieherinnen.txt
953	konservativ	gartenlaube/1873/Die_Ehezeitung.txt
954	konservativ	gartenlaube/1873/Bilder_aus_dem_Ehestandsleben_im_Orient.txt
955	konservativ	gartenlaube/1872/Die_Frau_des_Paters.txt
956	progressiv	gartenlaube/1872/Berichtigung_(Die_Gartenlaube_187228).txt
957	anderes Thema	gartenlaube/1872/Kleiner_Briefkasten_(Die_Gartenlaube_187214).txt
958	konservativ	gartenlaube/1868/Frauen-Emancipation_(Gartenlaube_186839).txt
959	konservativ	gartenlaube/1868/Im_Lande_der_Pharaonen.txt
960	konservativ	gartenlaube/1868/Frauen-Emancipation_(Gartenlaube_186845).txt
961	konservativ	gartenlaube/1859/Erziehung_im_Hause.txt
962	progressiv	gartenlaube/1892/Fünfundzwanzig_Jahre_Frauenarbeit.txt
963	konservativ	gartenlaube/1892/Die_Frau_im_alten_Rom.txt
964	progressiv	gartenlaube/1892/Die_Albertinerinnen_in_Leipzig.txt
965	anderes Thema	gartenlaube/1892/Heinrich_der_VIII._und_Anna_Boleyn.txt
966	anderes Thema	gartenlaube/1856/Eine_bekannte_und_doch_unbekannte_Krankheit.txt
967	anderes Thema	gartenlaube/1856/Die_Marianne.txt
968	neutral/ambivalent	gartenlaube/1856/Eine_deutsche_Erzieherin_in_London.txt
969	konservativ	gartenlaube/1853/Die_Mormonen_und_ihre_Frauen.txt
970	konservativ	gartenlaube/1853/Aus_der_Pariser_Welt.txt
971	anderes Thema	gartenlaube/1853/Der_Deutsche_in_Amerika_(Die_Gartenlaube_185318).txt
972	progressiv	gartenlaube/1853/Die_Frauenemancipation.txt
973	neutral/ambivalent	gartenlaube/1853/Die_bucklige,_verkrüppelte_Frauenleber.txt
974	konservativ	gartenlaube/1887/Der_Frauenfeind.txt
975	progressiv	gartenlaube/1887/Ein_Asyl_für_Frauenarbeit_in_Griechenland.txt
976	konservativ	gartenlaube/1887/Ein_altes_Komplimentirbuch.txt
977	anderes Thema	gartenlaube/1887/Frauentrachten_im_Kaukasus.txt
978	konservativ	gartenlaube/1887/Die_Frauen_in_Persien.txt
979	konservativ	gartenlaube/1887/Ein_Franzose_über_die_deutschen_Frauen.txt
980	konservativ	gartenlaube/1870/Die_Damen_auf_dem_Congreß_zu_Erfurt.txt
981	konservativ	gartenlaube/1866/Die_junge_Amerikanerin.txt
982	progressiv	gartenlaube/1866/Eine_Frauen-Universität.txt
983	progressiv	gartenlaube/1866/Die_amerikanische_Hausfrau.txt
984	anderes Thema	gartenlaube/1866/George_Sand_als_Rednerin.txt
985	konservativ	gartenlaube/1866/Aus_dem_Mormonenstaat.txt
986	konservativ	gartenlaube/1871/Für_die_Verwundeten_und_die_Frauen_und_Kinder_unserer_unbemittelten_Wehrleute_(Die_Gartenlaube_187112).txt
987	anderes Thema	gartenlaube/1871/Bock’s_neuester_Mahnruf.txt
988	progressiv	gartenlaube/1871/Die_Frauenbewegung_in_Deutschland.txt
989	progressiv	gartenlaube/1871/Damen-Gasthäuser.txt
990	konservativ	gartenlaube/1854/Der_Frauenschutz_in_Dresden.txt
991	anderes Thema	gartenlaube/1854/An_unsere_Leser_(Die_Gartenlaube_185444).txt
992	progressiv	gartenlaube/1854/Das_erste_türkische_Ehepaar.txt
993	progressiv	gartenlaube/1854/Illustrirte_Monatshefte.txt
994	konservativ	gartenlaube/1854/Für_junge_Frauen!.txt
995	anderes Thema	gartenlaube/1854/Heirathsgebräuche_in_Japan.txt
996	progressiv	gartenlaube/1854/Beruf_und_Bildung_des_Weibes.txt
997	konservativ	gartenlaube/1854/Blicke_in_einen_türkischen_Harem.txt
998	anderes Thema	gartenlaube/1854/Kleider-Revolution_in_Frankreich.txt
999	konservativ	gartenlaube/1881/Der_Geschichtsunterricht_für_Frauen_und_Mädchen.txt
1000	anderes Thema	gartenlaube/1881/Berichtigung_(Die_Gartenlaube_188142).txt
1001	progressiv	gartenlaube/1881/Frauenwirken_in_den_Gefängnissen.txt
1002	konservativ	gartenlaube/1884/Die_höheren_Töchterschulen.txt
1003	progressiv	gartenlaube/1884/Freundinnen_des_jungen_Mädchens.txt
1004	progressiv	gartenlaube/1886/Ein_Heim_für_deutsche_Erzieherinnen_in_Paris.txt
1005	progressiv	gartenlaube/1886/Ausbildung_der_Krankenpflegerinnen.txt
1006	konservativ	gartenlaube/1886/Frauenleben_in_Sansibar.txt
1007	anderes Thema	gartenlaube/1886/Eine_bulgarische_Madame_Adam.txt
1008	konservativ	gartenlaube/1886/Frauenleben_in_Konstantinopel.txt
1009	neutral/ambivalent	gartenlaube/1886/C._Michael_†.txt
1010	konservativ	gartenlaube/1891/Die_„Dame_mit_dem_Muff“.txt
1011	anderes Thema	gartenlaube/1891/Frauen_und_Männersprache.txt
1012	progressiv	gartenlaube/1891/Das_erste_Vierteljahrhundert_des_„Allgemeinen_deutschen_Frauenvereins“.txt
1013	konservativ	gartenlaube/1891/Das_Buch_von_der_gesunden_und_praktischen_Wohnung.txt
1014	progressiv	gartenlaube/1891/Die_fünfundsiebzigjährige_Jubelfeier_des_ältesten_deutschen_Turnvereins.txt
1015	progressiv	gartenlaube/1891/Badisches_Lehrerinnenheim_in_Lichtenthal_bei_Baden-Baden.txt
1016	progressiv	gartenlaube/1891/Zur_Frauenfrage.txt
1017	progressiv	gartenlaube/1891/Aus_dem_Künstlerinnenverein_in_München.txt
1018	anderes Thema	gartenlaube/1891/Frauen-_und_Männersprache_(Die_Gartenlaube_189123).txt
1019	anderes Thema	gartenlaube/1891/Frauen-_und_Männersprache.txt
1020	konservativ	gartenlaube/1877/Ehen_zwischen_Europäerinnen_und_Japanern.txt
1021	progressiv	gartenlaube/1877/Die_Ausbildung_von_Krankenpflegerinnen.txt
1022	anderes Thema	gartenlaube/1877/Aus_dem_Zillerthal.txt
1023	anderes Thema	gartenlaube/1877/Die_Farbenblindheit_in_der_Schule.txt
1024	progressiv	gartenlaube/1877/Kleiner_Briefkasten_(Die_Gartenlaube_1877).txt
1025	progressiv	gartenlaube/1876/Eine_abtrünnige_Mormonin.txt
1026	progressiv	gartenlaube/1896/Dr._Georgine_v._Roth.txt
1027	progressiv	gartenlaube/1896/Die_ersten_Abiturientinnen_in_Berlin.txt
1028	progressiv	gartenlaube/1896/Erwerbsmöglichkeiten_für_deutsche_Frauen_in_Amerika.txt
1029	neutral/ambivalent	gartenlaube/1896/Zum_Frauenstudium.txt
1030	progressiv	gartenlaube/1896/In_falscher_Stellung.txt
1031	konservativ	daheim_artikel/1908_2_Frauen-Daheim.txt
1032	anderes Thema	daheim_artikel/1906_4_Engel, Feen und Dämonen..txt
1033	progressiv	daheim_artikel/1908_0_Ein Schauturnen..txt
1034	progressiv	daheim_artikel/1905_5_Die Frau in der Astronomie..txt
1035	progressiv	"daheim_artikel/1895_9_Erwerb. Zur Ergänzung des in Nr. 16 des Frauen-Daheim mitgeteilten Artikels über „Photographinnen "".txt"
1036	anderes Thema	"daheim_artikel/1882_1_Die Mormonen hüben und drüben.
Der Kampf wider die Mormonen..txt"
1037	progressiv	daheim_artikel/1908_9_Seminar, Koch- und Haushaltungsschule „Hedwig Heyl“..txt
1038	anderes Thema	daheim_artikel/1909_4_Singschulen..txt
1039	progressiv	daheim_artikel/1895_7_Frauen-Daheim. Alleinreisende Damen..txt
1040	progressiv	daheim_artikel/1906_8_Die Psychologie der groben Arbeit.txt
1041	anderes Thema	daheim_artikel/1908_2_Die seelisch Minderwertigen. Vom Nervenarzt Dr. Friedrich Leppmann..txt
1042	anderes Thema	daheim_artikel/1895_0_Frauen-Daheim..txt
1043	anderes Thema	daheim_artikel/1895_8_Fragen..txt
1044	progressiv	daheim_artikel/1905_0_Der „Internationale Verein der Freundinnen junger Mädchen”..txt
1045	konservativ	daheim_artikel/1895_9_Eine gereimte Lösung unserer Preisaufgabe..txt
1046	progressiv	daheim_artikel/1895_2_Eine gesellschaftliche Taktlosigkeit..txt
1047	progressiv	daheim_artikel/1905_3_Neues aus den wirtschaftlichen Frauenschulen auf dem Lande..txt
1048	neutral/ambivalent	daheim_artikel/1908_4_Dänische Bauernstickereien. (Hedebö-Stickereien).txt
1049	konservativ	daheim_artikel/1906_7_Sonnenstrahlen..txt
1050	konservativ	daheim_artikel/1895_6_Wirtschaftspensionen..txt
1051	konservativ	daheim_artikel/1906_5_Mütter und Kinderfräulein..txt
1052	anderes Thema	daheim_artikel/1908_6_Frauen-Daheim. Ein kurzes Kapitel vom Winterhut..txt
1053	progressiv	daheim_artikel/1895_0_Auskunft..txt
1054	konservativ	daheim_artikel/1906_2_Zu unseren Bildern..txt
1055	konservativ	daheim_artikel/1906_8_Knaben- und Mädchenhandarbeit..txt
1056	konservativ	daheim_artikel/1905_7_Handarbeiten für Jungen und Mädchen..txt
1057	progressiv	daheim_artikel/1895_9_Allgem. Deutscher Verband gemeinnütziger Anstalten und Vereine für Lehrerinnen und Erzieherinnen..txt
1058	konservativ	daheim_artikel/1908_0_Frau Aja. Von I. Höffner. Zum 100. Todestage von Goethes Mutter. Gestorben am 13. September 1808..txt
1059	progressiv	daheim_artikel/1908_6_Das Johanna-Luisenstift und die wirtschaftliche Frauenschule in Schloß Löbichau..txt
1060	konservativ	daheim_artikel/1895_8_Kochenlernen..txt
1061	konservativ	daheim_artikel/1908_8_Aus der Kinderstube..txt
1062	progressiv	daheim_artikel/1906_1_Hausmarken..txt
1063	anderes Thema	daheim_artikel/1895_4_Selbstverfertigter Einband für unser Blatt.txt
1064	progressiv	daheim_artikel/1905_2_Segensreiche Frauenarbeit..txt
1065	konservativ	daheim_artikel/1895_6_Die Bahnhofsmission für die in Berlin einwandernde weibliche Jugend..txt
1066	progressiv	daheim_artikel/1906_6_Zur Berufswahl..txt
1067	progressiv	daheim_artikel/1908_6_Redaktionspost..txt
1068	anderes Thema	daheim_artikel/1906_5_Gartenspuk..txt
1069	progressiv	daheim_artikel/1906_9_Frauendienst..txt
1070	progressiv	daheim_artikel/1906_3_Wohlfahrt..txt
1071	konservativ	daheim_artikel/1908_2_Deutsche Frauen für Südwestafrika. Von Dr. Alfred Funke..txt
1072	progressiv	daheim_artikel/1908_0_Die Neugestaltung des höheren Mädchenschulwesens. Von Prof. Dr. Wychgram..txt
1073	konservativ	daheim_artikel/1903_0_Die muhammedanische Frau..txt
1074	progressiv	daheim_artikel/1895_6_Frauenheim..txt
1075	progressiv	daheim_artikel/1906_1_Farbige Modellierarbciten von Wera von Bartels-München..txt
1076	anderes Thema	"daheim_artikel/1905_7_Einige Erziehungsratschläge für
Mütter..txt"
1077	progressiv	daheim_artikel/1895_0_Ein neues Frauenasyl..txt
1078	progressiv	daheim_artikel/1905_2_Walderholungsstätten für Frauen..txt
1079	progressiv	daheim_artikel/1908_3_Eine Frage..txt
1080	progressiv	daheim_artikel/1906_5_Stift Keppel im Wandel der Zeiten..txt
1081	anderes Thema	daheim_artikel/1908_5_Praktisches fürs Haus..txt
1082	progressiv	daheim_artikel/1906_8_Bienenmütter..txt
1083	anderes Thema	daheim_artikel/1908_8_Gartenspuk..txt
1084	progressiv	daheim_artikel/1908_5_Die Bibliothekarinnenschule..txt
1085	konservativ	daheim_artikel/1906_6_Maidburg..txt
1086	progressiv	daheim_artikel/1906_0_Redaktionspost..txt
1087	progressiv	daheim_artikel/1895_6_Erwerb..txt
1088	progressiv	daheim_artikel/1905_4_Erholungsheime..txt
1089	anderes Thema	daheim_artikel/1908_1_Frauen-Daheim..txt
1090	konservativ	daheim_artikel/1895_6_Die Bahnhofsmission für die in Berlin einwandernde weibliche Jugend.txt
1091	anderes Thema	daheim_artikel/1889_3_Fragen.txt
1092	progressiv	daheim_artikel/1890_1_Zum drittenmal Klavierstimmerin..txt
1093	anderes Thema	daheim_artikel/1890_9_Daheim-Anzeiger.txt
1094	progressiv	daheim_artikel/1889_4_Krankenpflege..txt
1095	progressiv	daheim_artikel/1887_9_Zahnärztinnen..txt
1096	progressiv	daheim_artikel/1889_5_Stütze oder Pensionärin?.txt
1097	konservativ	daheim_artikel/1892_8_Wie urteilt der Arzt?.txt
1098	anderes Thema	daheim_artikel/1892_9_Frauen-Daheim.txt
1099	konservativ	daheim_artikel/1887_6_Wie andere..txt
1100	progressiv	daheim_artikel/1895_3_Berliner Frauenbildungsanstalten..txt
1101	konservativ	daheim_artikel/1888_0_Versorgung..txt
1102	progressiv	daheim_artikel/1890_1_Ein neuer Beruf für Mädchen und Frauen: Stenographie..txt
1103	progressiv	daheim_artikel/1892_1_Auskunft..txt
1104	progressiv	daheim_artikel/1887_9_Versorgung..txt
1105	anderes Thema	daheim_artikel/1889_5_Daheim 1889..txt
1106	anderes Thema	daheim_artikel/1891_9_Schneiderstube. Nögligäejacken.txt
1107	konservativ	daheim_artikel/1886_8_Unterwegs mit dem Mittagsessen..txt
1108	konservativ	daheim_artikel/1886_3_Zur Charakteristik brasilianischer Zustände.txt
1109	anderes Thema	daheim_artikel/1891_0_Gestricktes Tragekleidchen..txt
1110	anderes Thema	daheim_artikel/1887_0_Zweite Daheim-Beilage zu No. 40. 1887..txt
1111	anderes Thema	daheim_artikel/1889_5_Frauen-Daheim.txt
1112	progressiv	daheim_artikel/1890_8_212) Weiß jemand unter den lieben Daheimlesern nur in Berlin ein billiges Asyl für stellensuchende Damen zu nennen?.txt
1113	anderes Thema	daheim_artikel/1890_4_König Alfons XIII von Spanien.txt
1114	anderes Thema	daheim_artikel/1890_3_Frauen-Daheirn..txt
1115	anderes Thema	daheim_artikel/1888_1_Wer viel vollenden will, darf wenig träumen..txt
1116	anderes Thema	daheim_artikel/1887_1_General Boulanger, Kriegsminister Frankreichs..txt
1117	progressiv	daheim_artikel/1891_3_Erzherzogin Luise Antoinette Maria von Österreich..txt
1118	progressiv	daheim_artikel/1895_6_Erwerb.txt
1119	neutral/ambivalent	daheim_artikel/1890_7_Noch einmal: „Keine Zeit.“.txt
1120	konservativ	daheim_artikel/1892_1_Zum Frauenerwerb..txt
1121	anderes Thema	daheim_artikel/1888_8_Zweite Daheim -Beilage zu No. 18. 1888..txt
1122	anderes Thema	daheim_artikel/1888_6_Der Mägdlein Kränze! und Ehrenkleid..txt
1123	konservativ	daheim_artikel/1887_1_158) Könnte ich wohl durchs Fraueu-Daheim eine Leipziger Familie finden, die hochdeutsch spricht, nicht sächsert und eine meiner Schwestern zu einer deutschen Hausfrau heranbilden könnte?.txt
1124	progressiv	daheim_artikel/1892_6_Der Damenschreibtisch.txt
1125	progressiv	daheim_artikel/1895_3_Frauenbüchertisch..txt
1126	anderes Thema	daheim_artikel/1891_6_Frauen-Daheirn..txt
1127	anderes Thema	daheim_artikel/1890_1_Frauen-Daheim..txt
1128	anderes Thema	daheim_artikel/1888_6_Zweite Daheim-Beilage zu No. 16. 1888..txt
1129	progressiv	daheim_artikel/1889_9_Ausbildung.txt
1130	konservativ	daheim_artikel/1895_6_Wirtschaftspensionen.txt
1131	progressiv	daheim_artikel/1887_1_FrauenDaheim.txt
1132	progressiv	"daheim_artikel/1888_4_Nochmals „Ein lohnender Frauenberuf."".txt"
1133	neutral/ambivalent	daheim_artikel/1889_2_Eine Ballabwechselung..txt
1134	neutral/ambivalent	"daheim_artikel/1892_0_Nochmals „Die Visitenkarte."".txt"
1135	anderes Thema	daheim_artikel/1892_4_Frauen-Daheim..txt
1136	progressiv	daheim_artikel/1890_4_Noch eine Erwerbsthätigkeit für Frauen..txt
1137	anderes Thema	daheim_artikel/1887_6_Frauen-Daheim..txt
1138	anderes Thema	daheim_artikel/1892_2_Frauen Daheim..txt
1139	konservativ	daheim_artikel/1889_9_Indiskretion!.txt
1140	progressiv	daheim_artikel/1891_3_Die Damengartenbauschule in Charlottenburg..txt
1141	anderes Thema	daheim_artikel/1892_3_Frauen-Daheim..txt
1142	konservativ	daheim_artikel/1887_6_Für den Erwerb..txt
1143	progressiv	daheim_artikel/1889_1_Damenbriefe..txt
1144	anderes Thema	daheim_artikel/1889_1_Einladung zum Abonnement auf den Jubiläums-Band XXV. Jahrgang 1888_89 des Daheim..txt
1145	anderes Thema	daheim_artikel/1891_4_Meinzüchterstochter.txt
1146	anderes Thema	daheim_artikel/1890_4_Daheim 1890. Nr. 14..txt
1147	konservativ	"daheim_artikel/1888_9_Frauenbüchertisch. ""Das Stricken"" von Georgens.txt"
1148	konservativ	"daheim_artikel/1892_9_„Unsere Frauen"".txt"
1149	anderes Thema	daheim_artikel/1891_4_Frauen-Daheim.txt
1150	anderes Thema	daheim_artikel/1891_2_Personal-Anzeiger des Daheim.txt
1151	konservativ	daheim_artikel/1892_1_Wie urteilt der Arzt?.txt
1152	anderes Thema	daheim_artikel/1887_1_Frauen-Aaheim..txt
1153	progressiv	daheim_artikel/1890_1_Erwerb..txt
1154	anderes Thema	daheim_artikel/1886_0_Umschau in fernen Landen..txt
1155	anderes Thema	daheim_artikel/1890_4_K. L..txt
1156	anderes Thema	daheim_artikel/1890_6_Redaktionspost. An S. A., München..txt
1157	konservativ	daheim_artikel/1889_1_Ein Vorschlag für alleinstehende Damen.txt
1158	progressiv	daheim_artikel/1890_6_Ein weiteres Arbeitsfeld für Frauen..txt
1159	konservativ	daheim_artikel/1889_0_Weihnachtsbücherei..txt
1160	progressiv	daheim_artikel/1891_6_Fragen..txt
1161	neutral/ambivalent	daheim_artikel/1892_7_Fragen..txt
1162	anderes Thema	daheim_artikel/1886_5_Der Kaiser und die Kaiserin unterhielten sich in der freundlichsten Weise mit den tapfern Feuerwehrmännern und die letztere versprach, Oberfeuermann Hannebohm im Lazarett zu besuchen..txt
1163	konservativ	daheim_artikel/1886_2_Von Mägdeherbergen..txt
1164	anderes Thema	daheim_artikel/1889_1_Zweite Daheim-Beilage zu No. 11. 1889.txt
1165	konservativ	daheim_artikel/1887_9_Das Mädchen für Alles!.txt
1166	konservativ	daheim_artikel/1892_7_Wie urteilt der Arzt?.txt
1167	progressiv	daheim_artikel/1892_7_Frauengespräche..txt
1168	anderes Thema	daheim_artikel/1895_5_Daheim-Anzeiger.txt
1169	progressiv	daheim_artikel/1895_7_Alleinreisende Damen..txt
1170	konservativ	daheim_artikel/1891_1_Mütter und Söhne.txt
1171	progressiv	daheim_artikel/1887_2_Erwerb..txt
1172	konservativ	daheim_artikel/1882_3_Zu den Festlichkeiten in Karlsruhe vom 18. bis 25. September 1881.txt
1173	anderes Thema	daheim_artikel/1890_3_Ein kleiner Wink..txt
1174	konservativ	daheim_artikel/1892_4_Über Knabenerziehung.txt
1175	anderes Thema	daheim_artikel/1887_3_Beglücken und verzeih'n - ich dächte, Das wär' das schönste Recht der Frau!.txt
1176	anderes Thema	daheim_artikel/1889_4_Handarbeit. Stopftasche..txt
1177	anderes Thema	daheim_artikel/1889_5_Rücksichtslosigkeiten..txt
1178	konservativ	daheim_artikel/1887_2_Handarbeit..txt
1179	progressiv	daheim_artikel/1884_2_Amerikanischer Damensport.txt
1180	konservativ	daheim_artikel/1892_9_Wie urteilt der Arzt?.txt
1181	progressiv	daheim_artikel/1891_5_Auf dem Wege zum Asyl..txt
1182	progressiv	daheim_artikel/1889_0_Nochmals Hühnerzucht.txt
1183	progressiv	daheim_artikel/1892_8_Zum Frauen-Erwerb..txt
1184	anderes Thema	daheim_artikel/1891_6_Daheim Anzeiger..txt
1185	konservativ	daheim_artikel/1891_0_Frauenurteile..txt
1186	konservativ	daheim_artikel/1895_9_Zwei Opfer des Witbooi-Krieges.txt
1187	anderes Thema	daheim_artikel/1887_2_Zweite Daheim-Beilage zu No. 42. 1887.txt
1188	konservativ	daheim_artikel/1890_3_Die Freundschaften unserer Töchter..txt
1189	neutral/ambivalent	daheim_artikel/1895_6_Frauenheim.txt
1190	anderes Thema	daheim_artikel/1887_7_Frauen-Daheim..txt
1191	progressiv	daheim_artikel/1892_5_Auskunft.txt
1192	konservativ	daheim_artikel/1891_8_Neue Vorlagenwerke für Handarbeiten.txt
1193	progressiv	daheim_artikel/1890_2_Zur Erwerbsthätigkeit der Frauen..txt
1194	konservativ	daheim_artikel/1890_3_Frauen-Daheim..txt
1195	anderes Thema	daheim_artikel/1891_6_Handarbeit.txt
1196	konservativ	daheim_artikel/1889_8_An unsere jungen Mütter.txt
1197	anderes Thema	daheim_artikel/1887_2_Frauen-Daheim..txt
1198	anderes Thema	daheim_artikel/1888_1_Zum neuen Jahrgang..txt
1199	konservativ	daheim_artikel/1890_6_Noch einmal: Die Freundschaften unserer Töchter..txt
1200	konservativ	daheim_artikel/1890_9_Büchertisch..txt
1201	progressiv	daheim_artikel/1889_0_Frauen-Daheim..txt
1202	progressiv	daheim_artikel/1889_0_Sparsamkeit..txt
1203	progressiv	daheim_artikel/1892_0_Zum Frauenerwerb..txt
1204	progressiv	daheim_artikel/1889_0_Noch einmal die „alte Tante.“.txt
1205	anderes Thema	daheim_artikel/1892_3_Ein kurioses Instrument.txt
1206	konservativ	daheim_artikel/1892_4_Personal-Anzeiger des Daheim..txt
1207	anderes Thema	daheim_artikel/1890_5_Eine neue Art Ostereier.txt
1208	anderes Thema	daheim_artikel/1889_3_Bon der Mode. I..txt
1209	neutral/ambivalent	daheim_artikel/1887_0_Zweite Daheim-Beilage zu No. 30. 1887. Dieser Teil ist den besvndere» Interes sen unserer Leserinnen gewidmet und steht unter weiblicher Leitung..txt
1210	progressiv	daheim_artikel/1889_5_Die Mode. III..txt
1211	anderes Thema	daheim_artikel/1889_8_Über den Gruß.txt
1212	anderes Thema	daheim_artikel/1887_1_Zweite Daheim-Beilage zu No. 31. 1887..txt
1213	anderes Thema	daheim_artikel/1891_7_Ballkleider.txt
1214	progressiv	daheim_artikel/1891_1_Frage..txt
1215	anderes Thema	daheim_artikel/1882_7_Ein „swamp“ im Mississippi-Delta..txt
1216	progressiv	daheim_artikel/1889_4_Nochmals Hühnerzucht..txt
1217	neutral/ambivalent	daheim_artikel/1888_6_Dieser Teil ist de» besondere» Interessen unserer Leserinnen gewidmet und steht unter weiblicher Leitung..txt
